timestamp,interval_number,trial_number,is_dynamic_obstacle_present,degree,level,feedback_modality,right_index_button,left_index_button,right_thumbstick_x,right_thumbstick_y,number_of_collision,head_position,head_rotation,collision_position
0.001,0,0,False,0.0,0,-,0.0,0.0,0.0,0.0,0,"(0.00,0.76,14.46)","(0.00,0.00,0.00)","(0.00,0.00,0.00)"
0.11555,0,0,False,0.0,0,-,0.0,0.0,0.0,0.0,0,"(0.00,0.76,16.26)","(0.00,0.00,0.00)","(0.00,0.00,0.00)"
0.20444,0,0,False,0.0,0,-,0.0,0.0,0.0,0.0,0,"(0.00,0.76,17.46)","(0.00,0.00,0.00)","(0.00,0.00,0.00)"
0.27847,0,0,False,0.0,0,-,0.0,0.0,0.0,0.0,0,"(0.00,0.76,18.66)","(0.00,0.00,0.00)","(0.00,0.00,0.00)"
0.3474,0,0,False,0.0,0,-,0.0,0.0,0.0,0.0,0,"(0.00,0.76,19.86)","(0.00,0.00,0.00)","(0.00,0.00,0.00)"
0.41887,0,0,False,0.0,0,-,0.0,0.0,0.0,0.0,0,"(0.00,0.76,20.76)","(0.00,0.00,0.00)","(0.00,0.00,0.00)"
0.48698,0,0,False,0.0,0,-,0.0,0.0,0.0,0.0,0,"(0.00,0.76,21.66)","(0.00,0.00,0.00)","(0.00,0.00,0.00)"
0.55892,0,0,False,0.0,0,-,0.0,0.0,0.0,0.0,0,"(0.00,0.76,22.56)","(0.00,0.00,0.00)","(0.00,0.00,0.00)"
0.6292,0,0,False,0.0,0,-,0.0,0.0,0.0,0.0,0,"(0.00,0.76,24.06)","(0.00,0.00,0.00)","(0.00,0.00,0.00)"
0.69774,0,0,False,0.0,0,-,0.0,0.0,0.0,0.0,0,"(0.00,0.76,24.96)","(0.00,0.00,0.00)","(0.00,0.00,0.00)"
0.77244,0,0,False,0.0,0,-,0.0,0.0,0.0,0.0,0,"(0.00,0.76,26.16)","(0.00,0.00,0.00)","(0.00,0.00,0.00)"
0.84784,0,0,False,0.0,0,-,0.0,0.0,0.0,0.0,0,"(0.00,0.76,27.06)","(0.00,0.00,0.00)","(0.00,0.00,0.00)"
0.92499,0,0,False,0.0,0,-,0.0,0.0,0.0,0.0,0,"(0.00,0.76,28.26)","(0.00,0.00,0.00)","(0.00,0.00,0.00)"
0.9913,0,0,False,0.0,0,-,0.0,0.0,0.0,0.0,0,"(0.00,0.76,29.46)","(0.00,0.00,0.00)","(0.00,0.00,0.00)"
1.08561,0,0,False,0.0,0,-,0.0,0.0,0.0,0.0,0,"(0.00,0.76,30.66)","(0.00,0.00,0.00)","(0.00,0.00,0.00)"
1.15626,0,0,False,0.0,0,-,0.0,0.0,0.0,0.0,0,"(0.00,0.76,31.86)","(0.00,0.00,0.00)","(0.00,0.00,0.00)"
1.2365,0,0,False,0.0,0,-,0.0,0.0,0.0,0.0,0,"(0.00,0.76,33.06)","(0.00,0.00,0.00)","(0.00,0.00,0.00)"
1.31207,0,0,False,0.0,0,-,0.0,0.0,0.0,0.0,0,"(0.00,0.76,33.96)","(0.00,0.00,0.00)","(0.00,0.00,0.00)"
1.38691,0,0,False,0.0,0,-,0.0,0.0,0.0,0.0,0,"(0.00,0.76,35.16)","(0.00,0.00,0.00)","(0.00,0.00,0.00)"
1.45699,0,0,False,0.0,0,-,0.0,0.0,0.0,0.0,0,"(0.00,0.76,36.36)","(0.00,0.00,0.00)","(0.00,0.00,0.00)"
1.53758,0,0,False,0.0,0,-,0.0,0.0,0.0,0.0,0,"(0.00,0.76,37.56)","(0.00,0.00,0.00)","(0.00,0.00,0.00)"
1.60222,0,0,False,0.0,0,-,0.0,0.0,0.0,0.0,0,"(0.00,0.76,38.46)","(0.00,0.00,0.00)","(0.00,0.00,0.00)"
1.66974,0,0,False,0.0,0,-,0.0,0.0,0.0,0.0,0,"(0.00,0.76,39.66)","(0.00,0.00,0.00)","(0.00,0.00,0.00)"
1.73919,0,0,False,0.0,0,-,0.0,0.0,0.0,0.0,0,"(0.00,0.76,40.56)","(0.00,0.00,0.00)","(0.00,0.00,0.00)"
1.80605,0,0,False,0.0,0,-,0.0,0.0,0.0,0.0,0,"(0.00,0.76,41.46)","(0.00,0.00,0.00)","(0.00,0.00,0.00)"
1.87035,0,0,False,0.0,0,-,0.0,0.0,0.0,0.0,0,"(0.00,0.76,42.66)","(0.00,0.00,0.00)","(0.00,0.00,0.00)"
1.94556,0,0,False,0.0,0,-,0.0,0.0,0.0,0.0,0,"(0.00,0.76,43.56)","(0.00,0.00,0.00)","(0.00,0.00,0.00)"
2.01418,0,0,False,0.0,0,-,0.0,0.0,0.0,0.0,0,"(0.00,0.76,44.76)","(0.00,0.00,0.00)","(0.00,0.00,0.00)"
2.09006,0,0,False,0.0,0,-,0.0,0.0,0.0,0.0,0,"(0.00,0.76,45.66)","(0.00,0.00,0.00)","(0.00,0.00,0.00)"
2.15834,0,0,False,0.0,0,-,0.0,0.0,0.0,0.0,0,"(0.00,0.76,46.86)","(0.00,0.00,0.00)","(0.00,0.00,0.00)"
2.23021,0,0,False,0.0,0,-,0.0,0.0,0.0,0.0,0,"(0.00,0.76,47.76)","(0.00,0.00,0.00)","(0.00,0.00,0.00)"
2.30729,0,0,False,0.0,0,-,0.0,0.0,0.0,0.0,0,"(0.00,0.76,48.96)","(0.00,0.00,0.00)","(0.00,0.00,0.00)"
2.3709,0,0,False,0.0,0,-,0.0,0.0,0.0,0.0,0,"(0.00,0.76,50.16)","(0.00,0.00,0.00)","(0.00,0.00,0.00)"
2.449,0,0,False,0.0,0,-,0.0,0.0,0.0,0.0,0,"(0.00,0.76,51.06)","(0.00,0.00,0.00)","(0.00,0.00,0.00)"
2.51773,0,0,False,0.0,0,-,0.0,0.0,0.0,0.0,0,"(0.00,0.76,52.26)","(0.00,0.00,0.00)","(0.00,0.00,0.00)"
2.58859,0,0,False,0.0,0,-,0.0,0.0,0.0,0.0,0,"(0.00,0.76,53.46)","(0.00,0.00,0.00)","(0.00,0.00,0.00)"
2.66081,0,0,False,0.0,0,-,0.0,0.0,0.0,0.0,0,"(0.00,0.76,54.36)","(0.00,0.00,0.00)","(0.00,0.00,0.00)"
2.72705,0,0,False,0.0,0,-,0.0,0.0,0.0,0.0,0,"(0.00,0.76,55.26)","(0.00,0.00,0.00)","(0.00,0.00,0.00)"
2.79159,0,0,False,0.0,0,-,0.0,0.0,0.0,0.0,0,"(0.00,0.76,56.46)","(0.00,0.00,0.00)","(0.00,0.00,0.00)"
2.86472,0,0,False,0.0,0,-,0.0,0.0,0.0,0.0,0,"(0.00,0.76,57.36)","(0.00,0.00,0.00)","(0.00,0.00,0.00)"
2.93477,0,0,False,0.0,0,-,0.0,0.0,0.0,0.0,0,"(0.00,0.76,58.56)","(0.00,0.00,0.00)","(0.00,0.00,0.00)"
3.00417,0,0,False,0.0,0,-,0.0,0.0,0.0,0.0,0,"(0.00,0.76,59.46)","(0.00,0.00,0.00)","(0.00,0.00,0.00)"
3.0849,0,0,False,0.0,0,-,0.0,0.0,0.0,0.0,0,"(0.00,0.76,60.66)","(0.00,0.00,0.00)","(0.00,0.00,0.00)"
3.15485,0,0,False,0.0,0,-,0.0,0.0,0.0,0.0,1,"(0.00,0.76,61.86)","(0.00,0.00,0.00)","(0.96,-0.02,61.60)"
3.22305,0,0,False,0.0,0,-,0.0,0.0,0.0,0.0,1,"(0.00,0.76,62.76)","(0.00,0.00,0.00)","(0.96,-0.02,61.60)"
3.29396,0,0,False,0.0,0,-,0.0,0.0,0.0,0.0,1,"(0.00,0.76,63.96)","(0.00,0.00,0.00)","(0.96,-0.02,61.60)"
3.37485,0,0,False,0.0,0,-,0.0,0.0,0.0,0.0,1,"(0.00,0.76,65.16)","(0.00,0.00,0.00)","(0.96,-0.02,61.60)"
3.44135,0,0,False,0.0,0,-,0.0,0.0,0.0,0.0,1,"(0.00,0.76,66.06)","(0.00,0.00,0.00)","(0.96,-0.02,61.60)"
3.52427,0,0,False,0.0,0,-,0.0,0.0,0.0,0.0,1,"(0.00,0.76,67.26)","(0.00,0.00,0.00)","(0.96,-0.02,61.60)"
3.59012,0,0,False,0.0,0,-,0.0,0.0,0.0,0.0,1,"(0.00,0.76,68.46)","(0.00,0.00,0.00)","(0.96,-0.02,61.60)"
3.65283,0,0,False,0.0,0,-,0.0,0.0,0.0,0.0,1,"(0.00,0.76,69.36)","(0.00,0.00,0.00)","(0.96,-0.02,61.60)"
3.71711,0,0,False,0.0,0,-,0.0,0.0,0.0,0.0,2,"(0.00,0.76,70.26)","(0.00,0.00,0.00)","(-0.32,-0.07,69.70)"
3.78981,0,0,False,0.0,0,-,0.0,0.0,0.0,0.0,2,"(0.00,0.76,71.16)","(0.00,0.00,0.00)","(-0.32,-0.07,69.70)"
3.85653,0,0,False,0.0,0,-,0.0,0.0,0.0,0.0,2,"(0.00,0.76,72.36)","(0.00,0.00,0.00)","(-0.32,-0.07,69.70)"
3.92242,0,0,False,0.0,0,-,0.0,0.0,0.0,0.0,2,"(0.00,0.76,73.26)","(0.00,0.00,0.00)","(-0.32,-0.07,69.70)"
3.99598,0,0,False,0.0,0,-,0.0,0.0,0.0,0.0,2,"(0.00,0.76,74.46)","(0.00,0.00,0.00)","(-0.32,-0.07,69.70)"
4.05786,0,0,False,0.0,0,-,0.0,0.0,0.0,0.0,2,"(0.00,0.76,75.36)","(0.00,0.00,0.00)","(-0.32,-0.07,69.70)"
4.13024,0,0,False,0.0,0,-,0.0,0.0,0.0,0.0,2,"(0.00,0.76,76.56)","(0.00,0.00,0.00)","(-0.32,-0.07,69.70)"
4.19842,0,0,False,0.0,0,-,0.0,0.0,0.0,0.0,2,"(0.00,0.76,77.46)","(0.00,0.00,0.00)","(-0.32,-0.07,69.70)"
4.26406,0,0,False,0.0,0,-,0.0,0.0,0.0,0.0,2,"(0.00,0.76,78.36)","(0.00,0.00,0.00)","(-0.32,-0.07,69.70)"
4.3304,0,0,False,0.0,0,-,0.0,0.0,0.0,0.0,2,"(0.00,0.76,79.56)","(0.00,0.00,0.00)","(-0.32,-0.07,69.70)"
4.40104,0,0,False,0.0,0,-,0.0,0.0,0.0,0.0,2,"(0.00,0.76,80.46)","(0.00,0.00,0.00)","(-0.32,-0.07,69.70)"
4.47084,0,0,False,0.0,0,-,0.0,0.0,0.0,0.0,2,"(0.00,0.76,81.36)","(0.00,0.00,0.00)","(-0.32,-0.07,69.70)"
4.53836,0,0,False,0.0,0,-,0.0,0.0,0.0,0.0,2,"(0.00,0.76,82.56)","(0.00,0.00,0.00)","(-0.32,-0.07,69.70)"
4.61012,0,0,False,0.0,0,-,0.0,0.0,0.0,0.0,2,"(0.00,0.76,83.46)","(0.00,0.00,0.00)","(-0.32,-0.07,69.70)"
4.67646,0,0,False,0.0,0,-,0.0,0.0,0.0,0.0,2,"(0.00,0.76,84.66)","(0.00,0.00,0.00)","(-0.32,-0.07,69.70)"
4.74881,0,0,False,0.0,0,-,0.0,0.0,0.0,0.0,2,"(0.00,0.76,85.86)","(0.00,0.00,0.00)","(-0.32,-0.07,69.70)"
4.81896,0,0,False,0.0,0,-,0.0,0.0,0.0,0.0,2,"(0.00,0.76,86.76)","(0.00,0.00,0.00)","(-0.32,-0.07,69.70)"
4.88775,0,0,False,0.0,0,-,0.0,0.0,0.0,0.0,2,"(0.00,0.76,87.66)","(0.00,0.00,0.00)","(-0.32,-0.07,69.70)"
4.95649,0,0,False,0.0,0,-,0.0,0.0,0.0,0.0,2,"(0.00,0.76,88.86)","(0.00,0.00,0.00)","(-0.32,-0.07,69.70)"
5.02566,0,0,False,0.0,0,-,0.0,0.0,0.0,0.0,2,"(0.00,0.76,89.76)","(0.00,0.00,0.00)","(-0.32,-0.07,69.70)"
5.09531,0,0,False,0.0,0,-,0.0,0.0,0.0,0.0,2,"(0.00,0.76,90.96)","(0.00,0.00,0.00)","(-0.32,-0.07,69.70)"
5.17259,0,0,False,0.0,0,-,0.0,0.0,0.0,0.0,2,"(0.00,0.76,91.86)","(0.00,0.00,0.00)","(-0.32,-0.07,69.70)"
5.23956,0,0,False,0.0,0,-,0.0,0.0,0.0,0.0,2,"(0.00,0.76,93.06)","(0.00,0.00,0.00)","(-0.32,-0.07,69.70)"
5.3056,0,0,False,0.0,0,-,0.0,0.0,0.0,0.0,2,"(0.00,0.76,93.96)","(0.00,0.00,0.00)","(-0.32,-0.07,69.70)"
5.38333,0,0,False,0.0,0,-,0.0,0.0,0.0,0.0,2,"(0.00,0.76,95.16)","(0.00,0.00,0.00)","(-0.32,-0.07,69.70)"
5.45786,0,0,False,0.0,0,-,0.0,0.0,0.0,0.0,2,"(0.00,0.76,96.36)","(0.00,0.00,0.00)","(-0.32,-0.07,69.70)"
5.53181,0,0,False,0.0,0,-,0.0,0.0,0.0,0.0,2,"(0.00,0.76,97.56)","(0.00,0.00,0.00)","(-0.32,-0.07,69.70)"
5.59749,0,0,False,0.0,0,-,0.0,0.0,0.0,0.0,2,"(0.00,0.76,98.46)","(0.00,0.00,0.00)","(-0.32,-0.07,69.70)"
5.6725,0,0,False,0.0,0,-,0.0,0.0,0.0,0.0,2,"(0.00,0.76,99.66)","(0.00,0.00,0.00)","(-0.32,-0.07,69.70)"
5.73857,0,0,False,0.0,0,-,0.0,0.0,0.0,0.0,2,"(0.00,0.76,100.56)","(0.00,0.00,0.00)","(-0.32,-0.07,69.70)"
5.80645,0,0,False,0.0,0,-,0.0,0.0,0.0,0.0,2,"(0.00,0.76,101.46)","(0.00,0.00,0.00)","(-0.32,-0.07,69.70)"
5.87382,0,0,False,0.0,0,-,0.0,0.0,0.0,0.0,2,"(0.00,0.76,102.66)","(0.00,0.00,0.00)","(-0.32,-0.07,69.70)"
5.93889,0,0,False,0.0,0,-,0.0,0.0,0.0,0.0,2,"(0.00,0.76,103.56)","(0.00,0.00,0.00)","(-0.32,-0.07,69.70)"
6.0069,0,0,False,0.0,0,-,0.0,0.0,0.0,0.0,2,"(0.00,0.76,104.46)","(0.00,0.00,0.00)","(-0.32,-0.07,69.70)"
6.07213,0,0,False,0.0,0,-,0.0,0.0,0.0,0.0,2,"(0.00,0.76,105.36)","(0.00,0.00,0.00)","(-0.32,-0.07,69.70)"
6.15183,0,0,False,0.0,0,-,0.0,0.0,0.0,0.0,2,"(0.00,0.76,106.86)","(0.00,0.00,0.00)","(-0.32,-0.07,69.70)"
6.21743,0,0,False,0.0,0,-,0.0,0.0,0.0,0.0,2,"(0.00,0.76,107.76)","(0.00,0.00,0.00)","(-0.32,-0.07,69.70)"
6.2972,0,0,False,0.0,0,-,0.0,0.0,0.0,0.0,2,"(0.00,0.76,108.96)","(0.00,0.00,0.00)","(-0.32,-0.07,69.70)"
6.36288,0,0,False,0.0,0,-,0.0,0.0,0.0,0.0,2,"(0.00,0.76,109.86)","(0.00,0.00,0.00)","(-0.32,-0.07,69.70)"
6.44153,0,0,False,0.0,0,-,0.0,0.0,0.0,0.0,2,"(0.00,0.76,111.06)","(0.00,0.00,0.00)","(-0.32,-0.07,69.70)"
6.50797,0,0,False,0.0,0,-,0.0,0.0,0.0,0.0,2,"(0.00,0.76,111.96)","(0.00,0.00,0.00)","(-0.32,-0.07,69.70)"
6.57745,0,0,False,0.0,0,-,0.0,0.0,0.0,0.0,2,"(0.00,0.76,113.16)","(0.00,0.00,0.00)","(-0.32,-0.07,69.70)"
6.63985,0,0,False,0.0,0,-,0.0,0.0,0.0,0.0,2,"(0.00,0.76,114.06)","(0.00,0.00,0.00)","(-0.32,-0.07,69.70)"
6.71913,0,0,False,0.0,0,-,0.0,0.0,0.0,0.0,2,"(0.00,0.76,114.66)","(0.00,0.00,0.00)","(-0.32,-0.07,69.70)"
6.7909,0,0,False,0.0,0,-,0.0,0.0,0.0,0.0,2,"(0.00,0.76,116.46)","(0.00,0.00,0.00)","(-0.32,-0.07,69.70)"
6.85691,0,0,False,0.0,0,-,0.0,0.0,0.0,0.0,3,"(0.00,0.76,117.36)","(0.00,0.00,0.00)","(0.77,1.44,117.70)"
6.92512,0,0,False,0.0,0,-,0.0,0.0,0.0,0.0,3,"(0.00,0.76,118.26)","(0.00,0.00,0.00)","(0.77,1.44,117.70)"
6.99952,0,0,False,0.0,0,-,0.0,0.0,0.0,0.0,3,"(0.00,0.76,119.46)","(0.00,0.00,0.00)","(0.77,1.44,117.70)"
7.06497,0,0,False,0.0,0,-,0.0,0.0,0.0,0.0,3,"(0.00,0.76,120.36)","(0.00,0.00,0.00)","(0.77,1.44,117.70)"
7.1491,0,0,False,0.0,0,-,0.0,0.0,0.0,0.0,3,"(0.00,0.76,121.56)","(0.00,0.00,0.00)","(0.77,1.44,117.70)"
7.21889,0,0,False,0.0,0,-,0.0,0.0,0.0,0.0,3,"(0.00,0.76,122.76)","(0.00,0.00,0.00)","(0.77,1.44,117.70)"
7.29255,0,0,False,0.0,0,-,0.0,0.0,0.0,0.0,3,"(0.00,0.76,123.66)","(0.00,0.00,0.00)","(0.77,1.44,117.70)"
7.37273,0,0,False,0.0,0,-,0.0,0.0,0.0,0.0,3,"(0.00,0.76,125.16)","(0.00,0.00,0.00)","(0.77,1.44,117.70)"
7.44323,0,0,False,0.0,0,-,0.0,0.0,0.0,0.0,3,"(0.00,0.76,126.06)","(0.00,0.00,0.00)","(0.77,1.44,117.70)"
7.51929,0,0,False,0.0,0,-,0.0,0.0,0.0,0.0,3,"(0.00,0.76,127.26)","(0.00,0.00,0.00)","(0.77,1.44,117.70)"
7.58991,0,0,False,0.0,0,-,0.0,0.0,0.0,0.0,3,"(0.00,0.76,128.46)","(0.00,0.00,0.00)","(0.77,1.44,117.70)"
7.67042,0,0,False,0.0,0,-,0.0,0.0,0.0,0.0,3,"(0.00,0.76,129.66)","(0.00,0.00,0.00)","(0.77,1.44,117.70)"
7.73678,0,0,False,0.0,0,-,0.0,0.0,0.0,0.0,3,"(0.00,0.76,130.56)","(0.00,0.00,0.00)","(0.77,1.44,117.70)"
7.81673,0,0,False,0.0,0,-,0.0,0.0,0.0,0.0,3,"(0.00,0.76,131.76)","(0.00,0.00,0.00)","(0.77,1.44,117.70)"
7.88385,0,0,False,0.0,0,-,0.0,0.0,0.0,0.0,4,"(0.00,0.76,132.66)","(0.00,0.00,0.00)","(0.59,0.68,132.70)"
7.95838,0,0,False,0.0,0,-,0.0,0.0,0.0,0.0,4,"(0.00,0.76,133.86)","(0.00,0.00,0.00)","(0.59,0.68,132.70)"
8.02628,0,0,False,0.0,0,-,0.0,0.0,0.0,0.0,4,"(0.00,0.76,134.76)","(0.00,0.00,0.00)","(0.59,0.68,132.70)"
8.09323,0,0,False,0.0,0,-,0.0,0.0,0.0,0.0,4,"(0.00,0.76,135.96)","(0.00,0.00,0.00)","(0.59,0.68,132.70)"
8.16067,0,0,False,0.0,0,-,0.0,0.0,0.0,0.0,4,"(0.00,0.76,136.86)","(0.00,0.00,0.00)","(0.59,0.68,132.70)"
8.24071,0,0,False,0.0,0,-,0.0,0.0,0.0,0.0,4,"(0.00,0.76,138.06)","(0.00,0.00,0.00)","(0.59,0.68,132.70)"
8.31865,0,0,False,0.0,0,-,0.0,0.0,0.0,0.0,4,"(0.00,0.76,139.26)","(0.00,0.00,0.00)","(0.59,0.68,132.70)"
8.38715,0,0,False,0.0,0,-,0.0,0.0,0.0,0.0,4,"(0.00,0.76,140.16)","(0.00,0.00,0.00)","(0.59,0.68,132.70)"
8.45424,0,0,False,0.0,0,-,0.0,0.0,0.0,0.0,4,"(0.00,0.76,141.36)","(0.00,0.00,0.00)","(0.59,0.68,132.70)"
8.51753,0,0,False,0.0,0,-,0.0,0.0,0.0,0.0,4,"(0.00,0.76,142.26)","(0.00,0.00,0.00)","(0.59,0.68,132.70)"
8.60029,0,0,False,0.0,0,-,0.0,0.0,0.0,0.0,4,"(0.00,0.76,143.46)","(0.00,0.00,0.00)","(0.59,0.68,132.70)"
8.67286,0,0,False,0.0,0,-,0.0,0.0,0.0,0.0,4,"(0.00,0.76,144.66)","(0.00,0.00,0.00)","(0.59,0.68,132.70)"
8.78425,0,0,False,0.0,0,-,0.0,0.0,0.0,0.0,4,"(0.00,0.76,146.16)","(0.00,0.00,0.00)","(0.59,0.68,132.70)"
8.85611,0,0,False,0.0,0,-,0.0,0.0,0.0,0.0,4,"(0.00,0.76,147.36)","(0.00,0.00,0.00)","(0.59,0.68,132.70)"
8.92148,0,0,False,0.0,0,-,0.0,0.0,0.0,0.0,4,"(0.00,0.76,148.26)","(0.00,0.00,0.00)","(0.59,0.68,132.70)"
8.98896,0,0,False,0.0,0,-,0.0,0.0,0.0,0.0,4,"(0.00,0.76,149.16)","(0.00,0.00,0.00)","(0.59,0.68,132.70)"
9.07269,1,0,False,0.0,0,-,0.0,0.0,0.0,0.0,4,"(0.00,0.76,150.66)","(0.00,0.00,0.00)","(0.59,0.68,132.70)"
9.13961,1,0,False,0.0,0,-,0.0,0.0,0.0,0.0,4,"(0.00,0.76,151.56)","(0.00,0.00,0.00)","(0.59,0.68,132.70)"
9.21442,1,0,False,0.0,0,-,0.0,0.0,0.0,0.0,4,"(0.00,0.76,152.76)","(0.00,0.00,0.00)","(0.59,0.68,132.70)"
9.28159,1,0,False,0.0,0,-,0.0,0.0,0.0,0.0,4,"(0.00,0.76,153.66)","(0.00,0.00,0.00)","(0.59,0.68,132.70)"
9.35572,1,0,False,0.0,0,-,0.0,0.0,0.0,0.0,4,"(0.00,0.76,154.56)","(0.00,0.00,0.00)","(0.59,0.68,132.70)"
9.42749,1,0,False,0.0,0,-,0.0,0.0,0.0,0.0,4,"(0.00,0.76,155.76)","(0.00,0.00,0.00)","(0.59,0.68,132.70)"
9.4974,1,0,False,0.0,0,-,0.0,0.0,0.0,0.0,4,"(0.00,0.76,156.96)","(0.00,0.00,0.00)","(0.59,0.68,132.70)"
9.55881,1,0,False,0.0,0,-,0.0,0.0,0.0,0.0,4,"(0.00,0.76,157.86)","(0.00,0.00,0.00)","(0.59,0.68,132.70)"
9.62959,1,0,False,0.0,0,-,0.0,0.0,0.0,0.0,4,"(0.00,0.76,158.76)","(0.00,0.00,0.00)","(0.59,0.68,132.70)"
9.69749,1,0,False,0.0,0,-,0.0,0.0,0.0,0.0,4,"(0.00,0.76,159.96)","(0.00,0.00,0.00)","(0.59,0.68,132.70)"
9.77094,1,0,False,0.0,0,-,0.0,0.0,0.0,0.0,4,"(0.00,0.76,160.86)","(0.00,0.00,0.00)","(0.59,0.68,132.70)"
9.84584,1,0,False,0.0,0,-,0.0,0.0,0.0,0.0,4,"(0.00,0.76,162.06)","(0.00,0.00,0.00)","(0.59,0.68,132.70)"
9.91254,1,0,False,0.0,0,-,0.0,0.0,0.0,0.0,4,"(0.00,0.76,163.26)","(0.00,0.00,0.00)","(0.59,0.68,132.70)"
9.99183,1,0,False,0.0,0,-,0.0,0.0,0.0,0.0,4,"(0.00,0.76,164.46)","(0.00,0.00,0.00)","(0.59,0.68,132.70)"
10.06768,1,0,False,0.0,0,-,0.0,0.0,0.0,0.0,4,"(0.00,0.76,165.36)","(0.00,0.00,0.00)","(0.59,0.68,132.70)"
10.1555,1,0,False,0.0,0,-,0.0,0.0,0.0,0.0,4,"(0.00,0.76,166.86)","(0.00,0.00,0.00)","(0.59,0.68,132.70)"
10.22257,1,0,False,0.0,0,-,0.0,0.0,0.0,0.0,4,"(0.00,0.76,167.76)","(0.00,0.00,0.00)","(0.59,0.68,132.70)"
10.30289,1,0,False,0.0,0,-,0.0,0.0,0.0,0.0,4,"(0.00,0.76,168.96)","(0.00,0.00,0.00)","(0.59,0.68,132.70)"
10.3729,1,0,False,0.0,0,-,0.0,0.0,0.0,0.0,4,"(0.00,0.76,170.16)","(0.00,0.00,0.00)","(0.59,0.68,132.70)"
10.4548,1,0,False,0.0,0,-,0.0,0.0,0.0,0.0,4,"(0.00,0.76,171.36)","(0.00,0.00,0.00)","(0.59,0.68,132.70)"
10.51992,1,0,False,0.0,0,-,0.0,0.0,0.0,0.0,4,"(0.00,0.76,172.26)","(0.00,0.00,0.00)","(0.59,0.68,132.70)"
10.5925,1,0,False,0.0,0,-,0.0,0.0,0.0,0.0,4,"(0.00,0.76,173.46)","(0.00,0.00,0.00)","(0.59,0.68,132.70)"
10.66073,1,0,False,0.0,0,-,0.0,0.0,0.0,0.0,4,"(0.00,0.76,174.36)","(0.00,0.00,0.00)","(0.59,0.68,132.70)"
10.72894,1,0,False,0.0,0,-,0.0,0.0,0.0,0.0,4,"(0.00,0.76,175.26)","(0.00,0.00,0.00)","(0.59,0.68,132.70)"
10.79555,1,0,False,0.0,0,-,0.0,0.0,0.0,0.0,4,"(0.00,0.76,176.46)","(0.00,0.00,0.00)","(0.59,0.68,132.70)"
10.86797,1,0,False,0.0,0,-,0.0,0.0,0.0,0.0,4,"(0.00,0.76,177.36)","(0.00,0.00,0.00)","(0.59,0.68,132.70)"
10.93233,1,0,False,0.0,0,-,0.0,0.0,0.0,0.0,4,"(0.00,0.76,178.56)","(0.00,0.00,0.00)","(0.59,0.68,132.70)"
10.99675,1,0,False,0.0,0,-,0.0,0.0,0.0,0.0,4,"(0.00,0.76,179.46)","(0.00,0.00,0.00)","(0.59,0.68,132.70)"
11.07179,1,0,False,0.0,0,-,0.0,0.0,0.0,0.0,4,"(0.00,0.76,180.66)","(0.00,0.00,0.00)","(0.59,0.68,132.70)"
11.14063,1,1,True,4.0,3,visual,0.0,0.0,0.0,0.0,4,"(0.00,0.76,181.56)","(0.00,0.00,0.00)","(0.59,0.68,132.70)"
11.22357,1,1,True,4.0,3,visual,0.0,0.0,0.0,0.0,4,"(0.00,0.76,182.76)","(0.00,0.00,0.00)","(0.59,0.68,132.70)"
11.3008,1,1,True,4.0,3,visual,0.0,0.0,0.0,0.0,4,"(0.00,0.76,183.96)","(0.00,0.00,0.00)","(0.59,0.68,132.70)"
11.37706,1,1,True,4.0,3,visual,0.0,0.0,0.0,0.0,4,"(0.00,0.76,185.16)","(0.00,0.00,0.00)","(0.59,0.68,132.70)"
11.44925,1,1,True,4.0,3,visual,0.0,0.0,0.0,0.0,4,"(0.00,0.76,186.06)","(0.00,0.00,0.00)","(0.59,0.68,132.70)"
11.52517,1,1,True,4.0,3,visual,0.0,0.0,0.0,0.0,4,"(0.00,0.76,187.26)","(0.00,0.00,0.00)","(0.59,0.68,132.70)"
11.59541,1,1,True,4.0,3,visual,0.0,0.0,0.0,0.0,4,"(0.00,0.76,188.46)","(0.00,0.00,0.00)","(0.59,0.68,132.70)"
11.66649,1,1,True,4.0,3,visual,0.0,0.0,0.0,0.0,4,"(0.00,0.76,189.36)","(0.00,0.00,0.00)","(0.59,0.68,132.70)"
11.73872,1,1,True,4.0,3,visual,0.0,0.0,0.0,0.0,4,"(0.00,0.76,190.56)","(0.00,0.00,0.00)","(0.59,0.68,132.70)"
11.80781,1,1,True,4.0,3,visual,0.0,0.0,0.0,0.0,4,"(0.00,0.76,191.46)","(0.00,0.00,0.00)","(0.59,0.68,132.70)"
11.8752,1,1,True,4.0,3,visual,0.0,0.0,0.0,0.0,4,"(0.00,0.76,192.66)","(0.00,0.00,0.00)","(0.59,0.68,132.70)"
11.95097,1,1,True,4.0,3,visual,0.0,0.0,0.0,0.0,4,"(0.00,0.76,193.56)","(0.00,0.00,0.00)","(0.59,0.68,132.70)"
12.02184,1,1,True,4.0,3,visual,0.0,0.0,0.0,0.0,4,"(0.00,0.76,194.76)","(0.00,0.00,0.00)","(0.59,0.68,132.70)"
12.09229,1,1,True,4.0,3,visual,0.0,0.0,0.0,0.0,4,"(0.00,0.76,195.66)","(0.00,0.00,0.00)","(0.59,0.68,132.70)"
12.16082,1,1,True,4.0,3,visual,0.0,0.0,0.0,0.0,4,"(0.00,0.76,196.86)","(0.00,0.00,0.00)","(0.59,0.68,132.70)"
12.23736,1,1,True,4.0,3,visual,0.0,0.0,0.0,0.0,4,"(0.00,0.76,198.06)","(0.00,0.00,0.00)","(0.59,0.68,132.70)"
12.31667,1,1,True,4.0,3,visual,0.0,0.0,0.0,0.0,4,"(0.00,0.76,199.26)","(0.00,0.00,0.00)","(0.59,0.68,132.70)"
12.38955,1,1,True,4.0,3,visual,0.0,0.0,0.0,0.0,4,"(0.00,0.76,200.16)","(0.00,0.00,0.00)","(0.59,0.68,132.70)"
12.46903,1,1,True,4.0,3,visual,0.0,0.0,0.0,0.0,4,"(0.00,0.76,201.36)","(0.00,0.00,0.00)","(0.59,0.68,132.70)"
12.54035,1,1,True,4.0,3,visual,0.0,0.0,0.0,0.0,4,"(0.00,0.76,202.56)","(0.00,0.00,0.00)","(0.59,0.68,132.70)"
12.61309,1,1,True,4.0,3,visual,0.0,0.0,0.0,0.0,4,"(0.00,0.76,203.76)","(0.00,0.00,0.00)","(0.59,0.68,132.70)"
12.68017,1,1,True,4.0,3,visual,0.0,0.0,0.0,0.0,4,"(0.00,0.76,204.66)","(0.00,0.00,0.00)","(0.59,0.68,132.70)"
12.76151,1,1,True,4.0,3,visual,0.0,0.0,0.0,0.0,4,"(0.00,0.76,205.86)","(0.00,0.00,0.00)","(0.59,0.68,132.70)"
12.82876,1,1,True,4.0,3,visual,0.0,0.0,0.0,0.0,4,"(0.00,0.76,206.76)","(0.00,0.00,0.00)","(0.59,0.68,132.70)"
12.90134,1,1,True,4.0,3,visual,0.0,0.0,0.0,0.0,4,"(0.00,0.76,207.96)","(0.00,0.00,0.00)","(0.59,0.68,132.70)"
12.97425,1,1,True,4.0,3,visual,0.0,0.0,0.0,0.0,4,"(0.00,0.76,209.16)","(0.00,0.00,0.00)","(0.59,0.68,132.70)"
13.05328,1,1,True,4.0,3,visual,0.0,0.0,0.0,0.0,4,"(0.00,0.76,210.36)","(0.00,0.00,0.00)","(0.59,0.68,132.70)"
13.13141,1,1,True,4.0,3,visual,0.0,0.0,0.0,0.0,4,"(0.00,0.76,211.56)","(0.00,0.00,0.00)","(0.59,0.68,132.70)"
13.20398,1,1,False,0.0,0,-,0.0,0.0,0.0,0.0,5,"(0.00,0.76,212.46)","(0.00,0.00,0.00)","(-0.05,1.32,213.10)"
13.27956,1,1,False,0.0,0,-,0.0,0.0,0.0,0.0,5,"(0.00,0.76,213.66)","(0.00,0.00,0.00)","(-0.05,1.32,213.10)"
13.34959,1,1,False,0.0,0,-,0.0,0.0,0.0,0.0,5,"(0.00,0.76,214.56)","(0.00,0.00,0.00)","(-0.05,1.32,213.10)"
13.41962,1,1,False,0.0,0,-,0.0,0.0,0.0,0.0,5,"(0.00,0.76,215.76)","(0.00,0.00,0.00)","(-0.05,1.32,213.10)"
13.49267,1,1,False,0.0,0,-,0.0,0.0,0.0,0.0,5,"(0.00,0.76,216.66)","(0.00,0.00,0.00)","(-0.05,1.32,213.10)"
13.56031,1,1,False,0.0,0,-,0.0,0.0,0.0,0.0,5,"(0.00,0.76,217.86)","(0.00,0.00,0.00)","(-0.05,1.32,213.10)"
13.62472,1,1,False,0.0,0,-,0.0,0.0,0.0,0.0,5,"(0.00,0.76,218.76)","(0.00,0.00,0.00)","(-0.05,1.32,213.10)"
13.70046,1,1,False,0.0,0,-,0.0,0.0,0.0,0.0,5,"(0.00,0.76,219.96)","(0.00,0.00,0.00)","(-0.05,1.32,213.10)"
13.77989,1,1,False,0.0,0,-,0.0,0.0,0.0,0.0,5,"(0.00,0.76,221.16)","(0.00,0.00,0.00)","(-0.05,1.32,213.10)"
13.85463,1,1,False,0.0,0,-,0.0,0.0,0.0,0.0,5,"(0.00,0.76,222.36)","(0.00,0.00,0.00)","(-0.05,1.32,213.10)"
13.93202,1,1,False,0.0,0,-,0.0,0.0,0.0,0.0,5,"(0.00,0.76,223.26)","(0.00,0.00,0.00)","(-0.05,1.32,213.10)"
14.0068,1,1,False,0.0,0,-,0.0,0.0,0.0,0.0,5,"(0.00,0.76,224.46)","(0.00,0.00,0.00)","(-0.05,1.32,213.10)"
14.09244,1,1,False,0.0,0,-,0.0,0.0,0.0,0.0,6,"(0.00,0.76,225.66)","(0.00,0.00,0.00)","(0.53,0.29,225.70)"
14.17625,1,1,False,0.0,0,-,0.0,0.0,0.0,0.0,6,"(0.00,0.76,227.16)","(0.00,0.00,0.00)","(0.53,0.29,225.70)"
14.25904,1,1,False,0.0,0,-,0.0,0.0,0.0,0.0,6,"(0.00,0.76,228.36)","(0.00,0.00,0.00)","(0.53,0.29,225.70)"
14.34455,1,1,False,0.0,0,-,0.0,0.0,0.0,0.0,6,"(0.00,0.76,229.56)","(0.00,0.00,0.00)","(0.53,0.29,225.70)"
14.423,1,1,False,0.0,0,-,0.0,0.0,0.0,0.0,6,"(0.00,0.76,230.76)","(0.00,0.00,0.00)","(0.53,0.29,225.70)"
14.49218,1,1,False,0.0,0,-,0.0,0.0,0.0,0.0,6,"(0.00,0.76,231.96)","(0.00,0.00,0.00)","(0.53,0.29,225.70)"
14.56017,1,1,False,0.0,0,-,0.0,0.0,0.0,0.0,6,"(0.00,0.76,232.86)","(0.00,0.00,0.00)","(0.53,0.29,225.70)"
14.62955,1,1,False,0.0,0,-,0.0,0.0,0.0,0.0,6,"(0.00,0.76,233.76)","(0.00,0.00,0.00)","(0.53,0.29,225.70)"
14.70331,1,1,False,0.0,0,-,0.0,0.0,0.0,0.0,6,"(0.00,0.76,234.96)","(0.00,0.00,0.00)","(0.53,0.29,225.70)"
14.77687,1,1,False,0.0,0,-,0.0,0.0,0.0,0.0,6,"(0.00,0.76,236.16)","(0.00,0.00,0.00)","(0.53,0.29,225.70)"
14.84384,1,1,False,0.0,0,-,0.0,0.0,0.0,0.0,6,"(0.00,0.76,237.06)","(0.00,0.00,0.00)","(0.53,0.29,225.70)"
14.92465,1,1,False,0.0,0,-,0.0,0.0,0.0,0.0,6,"(0.00,0.76,238.26)","(0.00,0.00,0.00)","(0.53,0.29,225.70)"
14.99015,1,1,False,0.0,0,-,0.0,0.0,0.0,0.0,6,"(0.00,0.76,239.16)","(0.00,0.00,0.00)","(0.53,0.29,225.70)"
15.07367,1,1,False,0.0,0,-,0.0,0.0,0.0,0.0,6,"(0.00,0.76,240.66)","(0.00,0.00,0.00)","(0.53,0.29,225.70)"
15.15409,1,1,False,0.0,0,-,0.0,0.0,0.0,0.0,6,"(0.00,0.76,241.86)","(0.00,0.00,0.00)","(0.53,0.29,225.70)"
15.23864,1,1,False,0.0,0,-,0.0,0.0,0.0,0.0,6,"(0.00,0.76,243.06)","(0.00,0.00,0.00)","(0.53,0.29,225.70)"
15.31588,1,1,False,0.0,0,-,0.0,0.0,0.0,0.0,6,"(0.00,0.76,244.26)","(0.00,0.00,0.00)","(0.53,0.29,225.70)"
15.39961,1,1,False,0.0,0,-,0.0,0.0,0.0,0.0,6,"(0.00,0.76,245.46)","(0.00,0.00,0.00)","(0.53,0.29,225.70)"
15.47216,1,1,False,0.0,0,-,0.0,0.0,0.0,0.0,6,"(0.00,0.76,246.66)","(0.00,0.00,0.00)","(0.53,0.29,225.70)"
15.55935,1,1,False,0.0,0,-,0.0,0.0,0.0,0.0,6,"(0.00,0.76,247.86)","(0.00,0.00,0.00)","(0.53,0.29,225.70)"
15.6269,1,1,False,0.0,0,-,0.0,0.0,0.0,0.0,6,"(0.00,0.76,248.76)","(0.00,0.00,0.00)","(0.53,0.29,225.70)"
15.70563,1,1,False,0.0,0,-,0.0,0.0,0.0,0.0,6,"(0.00,0.76,249.96)","(0.00,0.00,0.00)","(0.53,0.29,225.70)"
15.77917,1,1,False,0.0,0,-,0.0,0.0,0.0,0.0,6,"(0.00,0.76,251.16)","(0.00,0.00,0.00)","(0.53,0.29,225.70)"
15.86305,1,1,False,0.0,0,-,0.0,0.0,0.0,0.0,6,"(0.00,0.76,252.36)","(0.00,0.00,0.00)","(0.53,0.29,225.70)"
15.93296,1,1,False,0.0,0,-,0.0,0.0,0.0,0.0,6,"(0.00,0.76,253.56)","(0.00,0.00,0.00)","(0.53,0.29,225.70)"
16.01518,1,1,False,0.0,0,-,0.0,0.0,0.0,0.0,6,"(0.00,0.76,254.76)","(0.00,0.00,0.00)","(0.53,0.29,225.70)"
16.08436,1,1,False,0.0,0,-,0.0,0.0,0.0,0.0,6,"(0.00,0.76,255.66)","(0.00,0.00,0.00)","(0.53,0.29,225.70)"
16.17672,1,1,False,0.0,0,-,0.0,0.0,0.0,0.0,6,"(0.00,0.76,257.16)","(0.00,0.00,0.00)","(0.53,0.29,225.70)"
16.25739,1,1,False,0.0,0,-,0.0,0.0,0.0,0.0,6,"(0.00,0.76,258.06)","(0.00,0.00,0.00)","(0.53,0.29,225.70)"
16.33207,1,1,False,0.0,0,-,0.0,0.0,0.0,0.0,6,"(0.00,0.76,259.56)","(0.00,0.00,0.00)","(0.53,0.29,225.70)"
16.40655,1,1,False,0.0,0,-,0.0,0.0,0.0,0.0,6,"(0.00,0.76,260.46)","(0.00,0.00,0.00)","(0.53,0.29,225.70)"
16.47494,1,1,False,0.0,0,-,0.0,0.0,0.0,0.0,6,"(0.00,0.76,261.66)","(0.00,0.00,0.00)","(0.53,0.29,225.70)"
16.54806,1,1,False,0.0,0,-,0.0,0.0,0.0,0.0,6,"(0.00,0.76,262.56)","(0.00,0.00,0.00)","(0.53,0.29,225.70)"
16.62589,1,1,False,0.0,0,-,0.0,0.0,0.0,0.0,6,"(0.00,0.76,263.76)","(0.00,0.00,0.00)","(0.53,0.29,225.70)"
16.69162,1,1,False,0.0,0,-,0.0,0.0,0.0,0.0,6,"(0.00,0.76,264.96)","(0.00,0.00,0.00)","(0.53,0.29,225.70)"
16.76803,1,1,False,0.0,0,-,0.0,0.0,0.0,0.0,6,"(0.00,0.76,265.86)","(0.00,0.00,0.00)","(0.53,0.29,225.70)"
16.83588,1,1,False,0.0,0,-,0.0,0.0,0.0,0.0,6,"(0.00,0.76,267.06)","(0.00,0.00,0.00)","(0.53,0.29,225.70)"
16.90484,1,1,False,0.0,0,-,0.0,0.0,0.0,0.0,6,"(0.00,0.76,267.96)","(0.00,0.00,0.00)","(0.53,0.29,225.70)"
16.97673,1,1,False,0.0,0,-,0.0,0.0,0.0,0.0,6,"(0.00,0.76,269.16)","(0.00,0.00,0.00)","(0.53,0.29,225.70)"
17.04512,1,1,False,0.0,0,-,0.0,0.0,0.0,0.0,6,"(0.00,0.76,270.06)","(0.00,0.00,0.00)","(0.53,0.29,225.70)"
17.11496,1,1,False,0.0,0,-,0.0,0.0,0.0,0.0,6,"(0.00,0.76,271.26)","(0.00,0.00,0.00)","(0.53,0.29,225.70)"
17.18533,1,1,False,0.0,0,-,0.0,0.0,0.0,0.0,6,"(0.00,0.76,272.16)","(0.00,0.00,0.00)","(0.53,0.29,225.70)"
17.25818,1,1,False,0.0,0,-,0.0,0.0,0.0,0.0,6,"(0.00,0.76,273.36)","(0.00,0.00,0.00)","(0.53,0.29,225.70)"
17.33064,1,1,False,0.0,0,-,0.0,0.0,0.0,0.0,6,"(0.00,0.76,274.26)","(0.00,0.00,0.00)","(0.53,0.29,225.70)"
17.4059,1,1,False,0.0,0,-,0.0,0.0,0.0,0.0,7,"(0.00,0.76,275.46)","(0.00,0.00,0.00)","(-0.92,1.24,275.20)"
17.47138,1,1,False,0.0,0,-,0.0,0.0,0.0,0.0,7,"(0.00,0.76,276.36)","(0.00,0.00,0.00)","(-0.92,1.24,275.20)"
17.54993,1,1,False,0.0,0,-,0.0,0.0,0.0,0.0,7,"(0.00,0.76,277.56)","(0.00,0.00,0.00)","(-0.92,1.24,275.20)"
17.61302,1,1,False,0.0,0,-,0.0,0.0,0.0,0.0,7,"(0.00,0.76,278.76)","(0.00,0.00,0.00)","(-0.92,1.24,275.20)"
17.68105,1,1,False,0.0,0,-,0.0,0.0,0.0,0.0,7,"(0.00,0.76,279.66)","(0.00,0.00,0.00)","(-0.92,1.24,275.20)"
17.74786,1,1,False,0.0,0,-,0.0,0.0,0.0,0.0,7,"(0.00,0.76,280.56)","(0.00,0.00,0.00)","(-0.92,1.24,275.20)"
17.85209,1,1,False,0.0,0,-,0.0,0.0,0.0,0.0,7,"(0.00,0.76,281.76)","(0.00,0.00,0.00)","(-0.92,1.24,275.20)"
17.9205,1,1,False,0.0,0,-,0.0,0.0,0.0,0.0,7,"(0.00,0.76,283.26)","(0.00,0.00,0.00)","(-0.92,1.24,275.20)"
17.98833,1,1,False,0.0,0,-,0.0,0.0,0.0,0.0,7,"(0.00,0.76,284.46)","(0.00,0.00,0.00)","(-0.92,1.24,275.20)"
18.05091,1,1,False,0.0,0,-,0.0,0.0,0.0,0.0,7,"(0.00,0.76,285.36)","(0.00,0.00,0.00)","(-0.92,1.24,275.20)"
18.11707,1,1,False,0.0,0,-,0.0,0.0,0.0,0.0,7,"(0.00,0.76,286.26)","(0.00,0.00,0.00)","(-0.92,1.24,275.20)"
18.18423,1,1,False,0.0,0,-,0.0,0.0,0.0,0.0,7,"(0.00,0.76,287.16)","(0.00,0.00,0.00)","(-0.92,1.24,275.20)"
18.25158,1,1,False,0.0,0,-,0.0,0.0,0.0,0.0,7,"(0.00,0.76,288.06)","(0.00,0.00,0.00)","(-0.92,1.24,275.20)"
18.33059,1,1,False,0.0,0,-,0.0,0.0,0.0,0.0,7,"(0.00,0.76,289.56)","(0.00,0.00,0.00)","(-0.92,1.24,275.20)"
18.40576,1,1,False,0.0,0,-,0.0,0.0,0.0,0.0,7,"(0.00,0.76,290.46)","(0.00,0.00,0.00)","(-0.92,1.24,275.20)"
18.47709,1,1,False,0.0,0,-,0.0,0.0,0.0,0.0,7,"(0.00,0.76,291.66)","(0.00,0.00,0.00)","(-0.92,1.24,275.20)"
18.54655,1,1,False,0.0,0,-,0.0,0.0,0.0,0.0,7,"(0.00,0.76,292.56)","(0.00,0.00,0.00)","(-0.92,1.24,275.20)"
18.63021,1,1,False,0.0,0,-,0.0,0.0,0.0,0.0,7,"(0.00,0.76,294.06)","(0.00,0.00,0.00)","(-0.92,1.24,275.20)"
18.69646,1,1,False,0.0,0,-,0.0,0.0,0.0,0.0,7,"(0.00,0.76,294.96)","(0.00,0.00,0.00)","(-0.92,1.24,275.20)"
18.76668,1,1,False,0.0,0,-,0.0,0.0,0.0,0.0,7,"(0.00,0.76,295.86)","(0.00,0.00,0.00)","(-0.92,1.24,275.20)"
18.8326,1,1,False,0.0,0,-,0.0,0.0,0.0,0.0,7,"(0.00,0.76,297.06)","(0.00,0.00,0.00)","(-0.92,1.24,275.20)"
18.89787,1,1,False,0.0,0,-,0.0,0.0,0.0,0.0,7,"(0.00,0.76,297.96)","(0.00,0.00,0.00)","(-0.92,1.24,275.20)"
18.96607,1,1,False,0.0,0,-,0.0,0.0,0.0,0.0,7,"(0.00,0.76,298.86)","(0.00,0.00,0.00)","(-0.92,1.24,275.20)"
19.03056,1,1,False,0.0,0,-,0.0,0.0,0.0,0.0,7,"(0.00,0.76,299.76)","(0.00,0.00,0.00)","(-0.92,1.24,275.20)"
19.10621,2,1,False,0.0,0,-,0.0,0.0,0.0,0.0,7,"(0.00,0.76,300.96)","(0.00,0.00,0.00)","(-0.92,1.24,275.20)"
19.18721,2,1,False,0.0,0,-,0.0,0.0,0.0,0.0,7,"(0.00,0.76,302.16)","(0.00,0.00,0.00)","(-0.92,1.24,275.20)"
19.28454,2,1,False,0.0,0,-,0.0,0.0,0.0,0.0,7,"(0.00,0.76,303.66)","(0.00,0.00,0.00)","(-0.92,1.24,275.20)"
19.35963,2,1,False,0.0,0,-,0.0,0.0,0.0,0.0,7,"(0.00,0.76,304.86)","(0.00,0.00,0.00)","(-0.92,1.24,275.20)"
19.43519,2,1,False,0.0,0,-,0.0,0.0,0.0,0.0,7,"(0.00,0.76,306.06)","(0.00,0.00,0.00)","(-0.92,1.24,275.20)"
19.50274,2,1,False,0.0,0,-,0.0,0.0,0.0,0.0,7,"(0.00,0.76,306.96)","(0.00,0.00,0.00)","(-0.92,1.24,275.20)"
19.56752,2,1,False,0.0,0,-,0.0,0.0,0.0,0.0,7,"(0.00,0.76,307.86)","(0.00,0.00,0.00)","(-0.92,1.24,275.20)"
19.64254,2,1,False,0.0,0,-,0.0,0.0,0.0,0.0,7,"(0.00,0.76,309.06)","(0.00,0.00,0.00)","(-0.92,1.24,275.20)"
19.71632,2,1,False,0.0,0,-,0.0,0.0,0.0,0.0,7,"(0.00,0.76,310.26)","(0.00,0.00,0.00)","(-0.92,1.24,275.20)"
19.78638,2,1,False,0.0,0,-,0.0,0.0,0.0,0.0,7,"(0.00,0.76,311.16)","(0.00,0.00,0.00)","(-0.92,1.24,275.20)"
19.86868,2,1,False,0.0,0,-,0.0,0.0,0.0,0.0,7,"(0.00,0.76,312.36)","(0.00,0.00,0.00)","(-0.92,1.24,275.20)"
19.94985,2,1,False,0.0,0,-,0.0,0.0,0.0,0.0,7,"(0.00,0.76,313.56)","(0.00,0.00,0.00)","(-0.92,1.24,275.20)"
20.02667,2,1,False,0.0,0,-,0.0,0.0,0.0,0.0,7,"(0.00,0.76,314.76)","(0.00,0.00,0.00)","(-0.92,1.24,275.20)"
20.10431,2,1,False,0.0,0,-,0.0,0.0,0.0,0.0,7,"(0.00,0.76,315.96)","(0.00,0.00,0.00)","(-0.92,1.24,275.20)"
20.1921,2,1,False,0.0,0,-,0.0,0.0,0.0,0.0,7,"(0.00,0.76,317.16)","(0.00,0.00,0.00)","(-0.92,1.24,275.20)"
20.26349,2,1,False,0.0,0,-,0.0,0.0,0.0,0.0,7,"(0.00,0.76,318.36)","(0.00,0.00,0.00)","(-0.92,1.24,275.20)"
20.34668,2,1,False,0.0,0,-,0.0,0.0,0.0,0.0,7,"(0.00,0.76,319.56)","(0.00,0.00,0.00)","(-0.92,1.24,275.20)"
20.41355,2,1,False,0.0,0,-,0.0,0.0,0.0,0.0,7,"(0.00,0.76,320.76)","(0.00,0.00,0.00)","(-0.92,1.24,275.20)"
20.48027,2,1,False,0.0,0,-,0.0,0.0,0.0,0.0,7,"(0.00,0.76,321.66)","(0.00,0.00,0.00)","(-0.92,1.24,275.20)"
20.54793,2,1,False,0.0,0,-,0.0,0.0,0.0,0.0,7,"(0.00,0.76,322.56)","(0.00,0.00,0.00)","(-0.92,1.24,275.20)"
20.62955,2,1,False,0.0,0,-,0.0,0.0,0.0,0.0,8,"(0.00,0.76,323.76)","(0.00,0.00,0.00)","(-0.35,0.46,324.10)"
20.69616,2,1,False,0.0,0,-,0.0,0.0,0.0,0.0,8,"(0.00,0.76,324.96)","(0.00,0.00,0.00)","(-0.35,0.46,324.10)"
20.76781,2,1,False,0.0,0,-,0.0,0.0,0.0,0.0,8,"(0.00,0.76,325.86)","(0.00,0.00,0.00)","(-0.35,0.46,324.10)"
20.83297,2,1,False,0.0,0,-,0.0,0.0,0.0,0.0,8,"(0.00,0.76,327.06)","(0.00,0.00,0.00)","(-0.35,0.46,324.10)"
20.90122,2,1,False,0.0,0,-,0.0,0.0,0.0,0.0,8,"(0.00,0.76,327.96)","(0.00,0.00,0.00)","(-0.35,0.46,324.10)"
20.97222,2,1,False,0.0,0,-,0.0,0.0,0.0,0.0,8,"(0.00,0.76,329.16)","(0.00,0.00,0.00)","(-0.35,0.46,324.10)"
21.04589,2,1,False,0.0,0,-,0.0,0.0,0.0,0.0,8,"(0.00,0.76,330.06)","(0.00,0.00,0.00)","(-0.35,0.46,324.10)"
21.11576,2,1,False,0.0,0,-,0.0,0.0,0.0,0.0,8,"(0.00,0.76,331.26)","(0.00,0.00,0.00)","(-0.35,0.46,324.10)"
21.18267,2,1,False,0.0,0,-,0.0,0.0,0.0,0.0,9,"(0.00,0.76,332.16)","(0.00,0.00,0.00)","(0.94,1.47,332.80)"
21.25237,2,1,False,0.0,0,-,0.0,0.0,0.0,0.0,9,"(0.00,0.76,333.36)","(0.00,0.00,0.00)","(0.94,1.47,332.80)"
21.3189,2,1,False,0.0,0,-,0.0,0.0,0.0,0.0,9,"(0.00,0.76,334.26)","(0.00,0.00,0.00)","(0.94,1.47,332.80)"
21.39764,2,1,False,0.0,0,-,0.0,0.0,0.0,0.0,9,"(0.00,0.76,335.46)","(0.00,0.00,0.00)","(0.94,1.47,332.80)"
21.47116,2,1,False,0.0,0,-,0.0,0.0,0.0,0.0,9,"(0.00,0.76,336.66)","(0.00,0.00,0.00)","(0.94,1.47,332.80)"
21.54733,2,1,False,0.0,0,-,0.0,0.0,0.0,0.0,9,"(0.00,0.76,337.56)","(0.00,0.00,0.00)","(0.94,1.47,332.80)"
21.62533,2,1,False,0.0,0,-,0.0,0.0,0.0,0.0,9,"(0.00,0.76,338.76)","(0.00,0.00,0.00)","(0.94,1.47,332.80)"
21.70266,2,1,False,0.0,0,-,0.0,0.0,0.0,0.0,9,"(0.00,0.76,339.96)","(0.00,0.00,0.00)","(0.94,1.47,332.80)"
21.76724,2,1,False,0.0,0,-,0.0,0.0,0.0,0.0,9,"(0.00,0.76,340.86)","(0.00,0.00,0.00)","(0.94,1.47,332.80)"
21.84177,2,1,False,0.0,0,-,0.0,0.0,0.0,0.0,9,"(0.00,0.76,342.06)","(0.00,0.00,0.00)","(0.94,1.47,332.80)"
21.91023,2,1,False,0.0,0,-,0.0,0.0,0.0,0.0,9,"(0.00,0.76,343.26)","(0.00,0.00,0.00)","(0.94,1.47,332.80)"
21.97555,2,1,False,0.0,0,-,0.0,0.0,0.0,0.0,9,"(0.00,0.76,344.16)","(0.00,0.00,0.00)","(0.94,1.47,332.80)"
22.04504,2,1,False,0.0,0,-,0.0,0.0,0.0,0.0,9,"(0.00,0.76,345.06)","(0.00,0.00,0.00)","(0.94,1.47,332.80)"
22.11248,2,1,False,0.0,0,-,0.0,0.0,0.0,0.0,9,"(0.00,0.76,346.26)","(0.00,0.00,0.00)","(0.94,1.47,332.80)"
22.17995,2,1,False,0.0,0,-,0.0,0.0,0.0,0.0,9,"(0.00,0.76,347.16)","(0.00,0.00,0.00)","(0.94,1.47,332.80)"
22.24338,2,1,False,0.0,0,-,0.0,0.0,0.0,0.0,9,"(0.00,0.76,348.06)","(0.00,0.00,0.00)","(0.94,1.47,332.80)"
22.3228,2,1,False,0.0,0,-,0.0,0.0,0.0,0.0,9,"(0.00,0.76,349.26)","(0.00,0.00,0.00)","(0.94,1.47,332.80)"
22.39659,2,1,False,0.0,0,-,0.0,0.0,0.0,0.0,9,"(0.00,0.76,350.46)","(0.00,0.00,0.00)","(0.94,1.47,332.80)"
22.47047,2,1,False,0.0,0,-,0.0,0.0,0.0,0.0,9,"(0.00,0.76,351.66)","(0.00,0.00,0.00)","(0.94,1.47,332.80)"
22.53525,2,1,False,0.0,0,-,0.0,0.0,0.0,0.0,9,"(0.00,0.76,352.56)","(0.00,0.00,0.00)","(0.94,1.47,332.80)"
22.61761,2,2,True,5.0,2,audio,0.0,0.0,0.0,0.0,9,"(0.00,0.76,353.76)","(0.00,0.00,0.00)","(0.94,1.47,332.80)"
22.68612,2,2,True,5.0,2,audio,0.0,0.0,0.0,0.0,9,"(0.00,0.76,354.66)","(0.00,0.00,0.00)","(0.94,1.47,332.80)"
22.76359,2,2,True,5.0,2,audio,0.0,0.0,0.0,0.0,9,"(0.00,0.76,355.86)","(0.00,0.00,0.00)","(0.94,1.47,332.80)"
22.82833,2,2,True,5.0,2,audio,0.0,0.0,0.0,0.0,9,"(0.00,0.76,356.76)","(0.00,0.00,0.00)","(0.94,1.47,332.80)"
22.91051,2,2,True,5.0,2,audio,0.0,0.0,0.0,0.0,9,"(0.00,0.76,358.26)","(0.00,0.00,0.00)","(0.94,1.47,332.80)"
22.9782,2,2,True,5.0,2,audio,0.0,0.0,0.0,0.0,9,"(0.00,0.76,359.16)","(0.00,0.00,0.00)","(0.94,1.47,332.80)"
23.04437,2,2,True,5.0,2,audio,0.0,0.0,0.0,0.0,9,"(0.00,0.76,360.06)","(0.00,0.00,0.00)","(0.94,1.47,332.80)"
23.1117,2,2,True,5.0,2,audio,0.0,0.0,0.0,0.0,9,"(0.00,0.76,361.26)","(0.00,0.00,0.00)","(0.94,1.47,332.80)"
23.18108,2,2,True,5.0,2,audio,0.0,0.0,0.0,0.0,9,"(0.00,0.76,362.16)","(0.00,0.00,0.00)","(0.94,1.47,332.80)"
23.24638,2,2,True,5.0,2,audio,0.0,0.0,0.0,0.0,9,"(0.00,0.76,363.06)","(0.00,0.00,0.00)","(0.94,1.47,332.80)"
23.3155,2,2,True,5.0,2,audio,0.0,0.0,0.0,0.0,9,"(0.00,0.76,364.26)","(0.00,0.00,0.00)","(0.94,1.47,332.80)"
23.38668,2,2,True,5.0,2,audio,0.0,0.0,0.0,0.0,9,"(0.00,0.76,365.16)","(0.00,0.00,0.00)","(0.94,1.47,332.80)"
23.45441,2,2,True,5.0,2,audio,0.0,0.0,0.0,0.0,9,"(0.00,0.76,366.36)","(0.00,0.00,0.00)","(0.94,1.47,332.80)"
23.52287,2,2,True,5.0,2,audio,0.0,0.0,0.0,0.0,9,"(0.00,0.76,367.26)","(0.00,0.00,0.00)","(0.94,1.47,332.80)"
23.59354,2,2,True,5.0,2,audio,0.0,0.0,0.0,0.0,9,"(0.00,0.76,368.46)","(0.00,0.00,0.00)","(0.94,1.47,332.80)"
23.657,2,2,True,5.0,2,audio,0.0,0.0,0.0,0.0,9,"(0.00,0.76,369.36)","(0.00,0.00,0.00)","(0.94,1.47,332.80)"
23.72547,2,2,True,5.0,2,audio,0.0,0.0,0.0,0.0,10,"(0.00,0.76,370.26)","(0.00,0.00,0.00)","(-0.18,0.33,370.90)"
23.79784,2,2,True,5.0,2,audio,0.0,0.0,0.0,0.0,10,"(0.00,0.76,371.46)","(0.00,0.00,0.00)","(-0.18,0.33,370.90)"
23.86252,2,2,True,5.0,2,audio,0.0,0.0,0.0,0.0,10,"(0.00,0.76,372.36)","(0.00,0.00,0.00)","(-0.18,0.33,370.90)"
23.92591,2,2,True,5.0,2,audio,0.0,0.0,0.0,0.0,10,"(0.00,0.76,373.26)","(0.00,0.00,0.00)","(-0.18,0.33,370.90)"
24.00816,2,2,True,5.0,2,audio,0.0,0.0,0.0,0.0,10,"(0.00,0.76,374.46)","(0.00,0.00,0.00)","(-0.18,0.33,370.90)"
24.07618,2,2,True,5.0,2,audio,0.0,0.0,0.0,0.0,10,"(0.00,0.76,375.66)","(0.00,0.00,0.00)","(-0.18,0.33,370.90)"
24.15635,2,2,True,5.0,2,audio,0.0,0.0,0.0,0.0,10,"(0.00,0.76,376.86)","(0.00,0.00,0.00)","(-0.18,0.33,370.90)"
24.22552,2,2,True,5.0,2,audio,0.0,0.0,0.0,0.0,10,"(0.00,0.76,377.76)","(0.00,0.00,0.00)","(-0.18,0.33,370.90)"
24.29638,2,2,True,5.0,2,audio,0.0,0.0,0.0,0.0,10,"(0.00,0.76,378.96)","(0.00,0.00,0.00)","(-0.18,0.33,370.90)"
24.35985,2,2,True,5.0,2,audio,0.0,0.0,0.0,0.0,10,"(0.00,0.76,379.86)","(0.00,0.00,0.00)","(-0.18,0.33,370.90)"
24.42948,2,2,True,5.0,2,audio,0.0,0.0,0.0,0.0,10,"(0.00,0.76,381.06)","(0.00,0.00,0.00)","(-0.18,0.33,370.90)"
24.49389,2,2,True,5.0,2,audio,0.0,0.0,0.0,0.0,10,"(0.00,0.76,381.96)","(0.00,0.00,0.00)","(-0.18,0.33,370.90)"
24.55939,2,2,True,5.0,2,audio,0.0,0.0,0.0,0.0,10,"(0.00,0.76,382.86)","(0.00,0.00,0.00)","(-0.18,0.33,370.90)"
24.63102,2,2,False,0.0,0,-,0.0,0.0,0.0,0.0,10,"(0.00,0.76,384.06)","(0.00,0.00,0.00)","(-0.18,0.33,370.90)"
24.69882,2,2,False,0.0,0,-,0.0,0.0,0.0,0.0,10,"(0.00,0.76,384.96)","(0.00,0.00,0.00)","(-0.18,0.33,370.90)"
24.76278,2,2,False,0.0,0,-,0.0,0.0,0.0,0.0,10,"(0.00,0.76,385.86)","(0.00,0.00,0.00)","(-0.18,0.33,370.90)"
24.82752,2,2,False,0.0,0,-,0.0,0.0,0.0,0.0,10,"(0.00,0.76,386.76)","(0.00,0.00,0.00)","(-0.18,0.33,370.90)"
24.89262,2,2,False,0.0,0,-,0.0,0.0,0.0,0.0,10,"(0.00,0.76,387.96)","(0.00,0.00,0.00)","(-0.18,0.33,370.90)"
24.96122,2,2,False,0.0,0,-,0.0,0.0,0.0,0.0,10,"(0.00,0.76,388.86)","(0.00,0.00,0.00)","(-0.18,0.33,370.90)"
25.02785,2,2,False,0.0,0,-,0.0,0.0,0.0,0.0,10,"(0.00,0.76,389.76)","(0.00,0.00,0.00)","(-0.18,0.33,370.90)"
25.09184,2,2,False,0.0,0,-,0.0,0.0,0.0,0.0,10,"(0.00,0.76,390.96)","(0.00,0.00,0.00)","(-0.18,0.33,370.90)"
25.16236,2,2,False,0.0,0,-,0.0,0.0,0.0,0.0,10,"(0.00,0.76,391.86)","(0.00,0.00,0.00)","(-0.18,0.33,370.90)"
25.24024,2,2,False,0.0,0,-,0.0,0.0,0.0,0.0,10,"(0.00,0.76,393.06)","(0.00,0.00,0.00)","(-0.18,0.33,370.90)"
25.30769,2,2,False,0.0,0,-,0.0,0.0,0.0,0.0,10,"(0.00,0.76,393.96)","(0.00,0.00,0.00)","(-0.18,0.33,370.90)"
25.38124,2,2,False,0.0,0,-,0.0,0.0,0.0,0.0,10,"(0.00,0.76,394.86)","(0.00,0.00,0.00)","(-0.18,0.33,370.90)"
25.44387,2,2,False,0.0,0,-,0.0,0.0,0.0,0.0,10,"(0.00,0.76,396.06)","(0.00,0.00,0.00)","(-0.18,0.33,370.90)"
25.51234,2,2,False,0.0,0,-,0.0,0.0,0.0,0.0,10,"(0.00,0.76,397.26)","(0.00,0.00,0.00)","(-0.18,0.33,370.90)"
25.57744,2,2,False,0.0,0,-,0.0,0.0,0.0,0.0,11,"(0.00,0.76,398.16)","(0.00,0.00,0.00)","(-0.83,1.39,398.50)"
25.64306,2,2,False,0.0,0,-,0.0,0.0,0.0,0.0,11,"(0.00,0.76,399.06)","(0.00,0.00,0.00)","(-0.83,1.39,398.50)"
25.71037,2,2,False,0.0,0,-,0.0,0.0,0.0,0.0,11,"(0.00,0.76,400.26)","(0.00,0.00,0.00)","(-0.83,1.39,398.50)"
25.78313,2,2,False,0.0,0,-,0.0,0.0,0.0,0.0,11,"(0.00,0.76,401.16)","(0.00,0.00,0.00)","(-0.83,1.39,398.50)"
25.85737,2,2,False,0.0,0,-,0.0,0.0,0.0,0.0,11,"(0.00,0.76,402.36)","(0.00,0.00,0.00)","(-0.83,1.39,398.50)"
25.92487,2,2,False,0.0,0,-,0.0,0.0,0.0,0.0,11,"(0.00,0.76,403.26)","(0.00,0.00,0.00)","(-0.83,1.39,398.50)"
26.00032,2,2,False,0.0,0,-,0.0,0.0,0.0,0.0,11,"(0.00,0.76,404.46)","(0.00,0.00,0.00)","(-0.83,1.39,398.50)"
26.06617,2,2,False,0.0,0,-,0.0,0.0,0.0,0.0,11,"(0.00,0.76,405.36)","(0.00,0.00,0.00)","(-0.83,1.39,398.50)"
26.13158,2,2,False,0.0,0,-,0.0,0.0,0.0,0.0,11,"(0.00,0.76,406.56)","(0.00,0.00,0.00)","(-0.83,1.39,398.50)"
26.19656,2,2,False,0.0,0,-,0.0,0.0,0.0,0.0,11,"(0.00,0.76,407.46)","(0.00,0.00,0.00)","(-0.83,1.39,398.50)"
26.27381,2,2,False,0.0,0,-,0.0,0.0,0.0,0.0,11,"(0.00,0.76,408.36)","(0.00,0.00,0.00)","(-0.83,1.39,398.50)"
26.34056,2,2,False,0.0,0,-,0.0,0.0,0.0,0.0,11,"(0.00,0.76,409.56)","(0.00,0.00,0.00)","(-0.83,1.39,398.50)"
26.40697,2,2,False,0.0,0,-,0.0,0.0,0.0,0.0,11,"(0.00,0.76,410.46)","(0.00,0.00,0.00)","(-0.83,1.39,398.50)"
26.47138,2,2,False,0.0,0,-,0.0,0.0,0.0,0.0,11,"(0.00,0.76,411.66)","(0.00,0.00,0.00)","(-0.83,1.39,398.50)"
26.5382,2,2,False,0.0,0,-,0.0,0.0,0.0,0.0,11,"(0.00,0.76,412.56)","(0.00,0.00,0.00)","(-0.83,1.39,398.50)"
26.61347,2,2,False,0.0,0,-,0.0,0.0,0.0,0.0,11,"(0.00,0.76,413.76)","(0.00,0.00,0.00)","(-0.83,1.39,398.50)"
26.67513,2,2,False,0.0,0,-,0.0,0.0,0.0,0.0,11,"(0.00,0.76,414.66)","(0.00,0.00,0.00)","(-0.83,1.39,398.50)"
26.73939,2,2,False,0.0,0,-,0.0,0.0,0.0,0.0,11,"(0.00,0.76,415.56)","(0.00,0.00,0.00)","(-0.83,1.39,398.50)"
26.80294,2,2,False,0.0,0,-,0.0,0.0,0.0,0.0,11,"(0.00,0.76,416.46)","(0.00,0.00,0.00)","(-0.83,1.39,398.50)"
26.87449,2,2,False,0.0,0,-,0.0,0.0,0.0,0.0,11,"(0.00,0.76,417.36)","(0.00,0.00,0.00)","(-0.83,1.39,398.50)"
26.9453,2,2,False,0.0,0,-,0.0,0.0,0.0,0.0,11,"(0.00,0.76,418.56)","(0.00,0.00,0.00)","(-0.83,1.39,398.50)"
27.01245,2,2,False,0.0,0,-,0.0,0.0,0.0,0.0,11,"(0.00,0.76,419.46)","(0.00,0.00,0.00)","(-0.83,1.39,398.50)"
27.08399,2,2,False,0.0,0,-,0.0,0.0,0.0,0.0,11,"(0.00,0.76,420.66)","(0.00,0.00,0.00)","(-0.83,1.39,398.50)"
27.15168,2,2,False,0.0,0,-,0.0,0.0,0.0,0.0,11,"(0.00,0.76,421.86)","(0.00,0.00,0.00)","(-0.83,1.39,398.50)"
27.22554,2,2,False,0.0,0,-,0.0,0.0,0.0,0.0,11,"(0.00,0.76,422.76)","(0.00,0.00,0.00)","(-0.83,1.39,398.50)"
27.29049,2,2,False,0.0,0,-,0.0,0.0,0.0,0.0,11,"(0.00,0.76,423.96)","(0.00,0.00,0.00)","(-0.83,1.39,398.50)"
27.357,2,2,False,0.0,0,-,0.0,0.0,0.0,0.0,11,"(0.00,0.76,424.85)","(0.00,0.00,0.00)","(-0.83,1.39,398.50)"
27.42003,2,2,False,0.0,0,-,0.0,0.0,0.0,0.0,11,"(0.00,0.76,425.75)","(0.00,0.00,0.00)","(-0.83,1.39,398.50)"
27.49181,2,2,False,0.0,0,-,0.0,0.0,0.0,0.0,11,"(0.00,0.76,426.65)","(0.00,0.00,0.00)","(-0.83,1.39,398.50)"
27.55912,2,2,False,0.0,0,-,0.0,0.0,0.0,0.0,11,"(0.00,0.76,427.85)","(0.00,0.00,0.00)","(-0.83,1.39,398.50)"
27.63177,2,2,False,0.0,0,-,0.0,0.0,0.0,0.0,11,"(0.00,0.76,428.75)","(0.00,0.00,0.00)","(-0.83,1.39,398.50)"
27.70387,2,2,False,0.0,0,-,0.0,0.0,0.0,0.0,11,"(0.00,0.76,429.95)","(0.00,0.00,0.00)","(-0.83,1.39,398.50)"
27.7722,2,2,False,0.0,0,-,0.0,0.0,0.0,0.0,11,"(0.00,0.76,431.15)","(0.00,0.00,0.00)","(-0.83,1.39,398.50)"
27.85015,2,2,False,0.0,0,-,0.0,0.0,0.0,0.0,11,"(0.00,0.76,432.35)","(0.00,0.00,0.00)","(-0.83,1.39,398.50)"
27.91745,2,2,False,0.0,0,-,0.0,0.0,0.0,0.0,11,"(0.00,0.76,433.25)","(0.00,0.00,0.00)","(-0.83,1.39,398.50)"
27.99761,2,2,False,0.0,0,-,0.0,0.0,0.0,0.0,11,"(0.00,0.76,434.45)","(0.00,0.00,0.00)","(-0.83,1.39,398.50)"
28.06337,2,2,False,0.0,0,-,0.0,0.0,0.0,0.0,11,"(0.00,0.76,435.35)","(0.00,0.00,0.00)","(-0.83,1.39,398.50)"
28.13068,2,2,False,0.0,0,-,0.0,0.0,0.0,0.0,11,"(0.00,0.76,436.55)","(0.00,0.00,0.00)","(-0.83,1.39,398.50)"
28.19733,2,2,False,0.0,0,-,0.0,0.0,0.0,0.0,12,"(0.00,0.76,437.45)","(0.00,0.00,0.00)","(-0.59,1.64,436.90)"
28.26425,2,2,False,0.0,0,-,0.0,0.0,0.0,0.0,12,"(0.00,0.76,438.35)","(0.00,0.00,0.00)","(-0.59,1.64,436.90)"
28.33316,2,2,False,0.0,0,-,0.0,0.0,0.0,0.0,12,"(0.00,0.76,439.55)","(0.00,0.00,0.00)","(-0.59,1.64,436.90)"
28.42673,2,2,False,0.0,0,-,0.0,0.0,0.0,0.0,12,"(0.00,0.76,440.45)","(0.00,0.00,0.00)","(-0.59,1.64,436.90)"
28.49318,2,2,False,0.0,0,-,0.0,0.0,0.0,0.0,12,"(0.00,0.76,441.95)","(0.00,0.00,0.00)","(-0.59,1.64,436.90)"
28.56167,2,2,False,0.0,0,-,0.0,0.0,0.0,0.0,12,"(0.00,0.76,442.85)","(0.00,0.00,0.00)","(-0.59,1.64,436.90)"
28.62641,2,2,False,0.0,0,-,0.0,0.0,0.0,0.0,12,"(0.00,0.76,443.75)","(0.00,0.00,0.00)","(-0.59,1.64,436.90)"
28.69345,2,2,False,0.0,0,-,0.0,0.0,0.0,0.0,12,"(0.00,0.76,444.95)","(0.00,0.00,0.00)","(-0.59,1.64,436.90)"
28.76589,2,2,False,0.0,0,-,0.0,0.0,0.0,0.0,12,"(0.00,0.76,445.85)","(0.00,0.00,0.00)","(-0.59,1.64,436.90)"
28.83095,2,2,False,0.0,0,-,0.0,0.0,0.0,0.0,12,"(0.00,0.76,447.05)","(0.00,0.00,0.00)","(-0.59,1.64,436.90)"
28.89754,2,2,False,0.0,0,-,0.0,0.0,0.0,0.0,12,"(0.00,0.76,447.95)","(0.00,0.00,0.00)","(-0.59,1.64,436.90)"
28.96716,2,2,False,0.0,0,-,0.0,0.0,0.0,0.0,12,"(0.00,0.76,448.85)","(0.00,0.00,0.00)","(-0.59,1.64,436.90)"
29.03511,2,2,False,0.0,0,-,0.0,0.0,0.0,0.0,12,"(0.00,0.76,450.05)","(0.00,0.00,0.00)","(-0.59,1.64,436.90)"
43.35305,3,2,False,0.0,0,-,0.0,0.0,0.0,0.0,12,"(0.00,0.76,450.35)","(0.00,0.00,0.00)","(-0.59,1.64,436.90)"
43.45901,3,2,False,0.0,0,-,0.0,0.0,0.0,0.0,12,"(0.00,0.76,451.55)","(0.00,0.00,0.00)","(-0.59,1.64,436.90)"
43.54139,3,2,False,0.0,0,-,0.0,0.0,0.0,0.0,12,"(0.00,0.76,453.05)","(0.00,0.00,0.00)","(-0.59,1.64,436.90)"
43.60584,3,2,False,0.0,0,-,0.0,0.0,0.0,0.0,12,"(0.00,0.76,453.95)","(0.00,0.00,0.00)","(-0.59,1.64,436.90)"
43.67933,3,2,False,0.0,0,-,0.0,0.0,0.0,0.0,12,"(0.00,0.76,455.15)","(0.00,0.00,0.00)","(-0.59,1.64,436.90)"
43.75294,3,2,False,0.0,0,-,0.0,0.0,0.0,0.0,12,"(0.00,0.76,456.35)","(0.00,0.00,0.00)","(-0.59,1.64,436.90)"
43.82041,3,2,False,0.0,0,-,0.0,0.0,0.0,0.0,12,"(0.00,0.76,457.25)","(0.00,0.00,0.00)","(-0.59,1.64,436.90)"
43.88668,3,2,False,0.0,0,-,0.0,0.0,0.0,0.0,12,"(0.00,0.76,458.15)","(0.00,0.00,0.00)","(-0.59,1.64,436.90)"
43.9528,3,2,False,0.0,0,-,0.0,0.0,0.0,0.0,12,"(0.00,0.76,459.05)","(0.00,0.00,0.00)","(-0.59,1.64,436.90)"
44.01871,3,2,False,0.0,0,-,0.0,0.0,0.0,0.0,12,"(0.00,0.76,460.25)","(0.00,0.00,0.00)","(-0.59,1.64,436.90)"
44.10512,3,2,False,0.0,0,-,0.0,0.0,0.0,0.0,12,"(0.00,0.76,461.15)","(0.00,0.00,0.00)","(-0.59,1.64,436.90)"
44.19135,3,2,False,0.0,0,-,0.0,0.0,0.0,0.0,12,"(0.00,0.76,462.65)","(0.00,0.00,0.00)","(-0.59,1.64,436.90)"
44.25637,3,2,False,0.0,0,-,0.0,0.0,0.0,0.0,12,"(0.00,0.76,463.55)","(0.00,0.00,0.00)","(-0.59,1.64,436.90)"
44.34242,3,2,False,0.0,0,-,0.0,0.0,0.0,0.0,12,"(0.00,0.76,465.05)","(0.00,0.00,0.00)","(-0.59,1.64,436.90)"
44.42555,3,2,False,0.0,0,-,0.0,0.0,0.0,0.0,12,"(0.00,0.76,465.95)","(0.00,0.00,0.00)","(-0.59,1.64,436.90)"
44.49725,3,2,False,0.0,0,-,0.0,0.0,0.0,0.0,12,"(0.00,0.76,467.45)","(0.00,0.00,0.00)","(-0.59,1.64,436.90)"
44.56625,3,2,False,0.0,0,-,0.0,0.0,0.0,0.0,12,"(0.00,0.76,468.35)","(0.00,0.00,0.00)","(-0.59,1.64,436.90)"
44.63629,3,2,False,0.0,0,-,0.0,0.0,0.0,0.0,12,"(0.00,0.76,469.55)","(0.00,0.00,0.00)","(-0.59,1.64,436.90)"
44.70303,3,2,False,0.0,0,-,0.0,0.0,0.0,0.0,12,"(0.00,0.76,470.45)","(0.00,0.00,0.00)","(-0.59,1.64,436.90)"
44.77537,3,2,False,0.0,0,-,0.0,0.0,0.0,0.0,12,"(0.00,0.76,471.65)","(0.00,0.00,0.00)","(-0.59,1.64,436.90)"
44.84426,3,2,False,0.0,0,-,0.0,0.0,0.0,0.0,12,"(0.00,0.76,472.55)","(0.00,0.00,0.00)","(-0.59,1.64,436.90)"
44.92024,3,2,False,0.0,0,-,0.0,0.0,0.0,0.0,12,"(0.00,0.76,473.75)","(0.00,0.00,0.00)","(-0.59,1.64,436.90)"
44.98901,3,2,False,0.0,0,-,0.0,0.0,0.0,0.0,12,"(0.00,0.76,474.65)","(0.00,0.00,0.00)","(-0.59,1.64,436.90)"
45.06567,3,2,False,0.0,0,-,0.0,0.0,0.0,0.0,12,"(0.00,0.76,475.85)","(0.00,0.00,0.00)","(-0.59,1.64,436.90)"
45.12946,3,2,False,0.0,0,-,0.0,0.0,0.0,0.0,12,"(0.00,0.76,476.75)","(0.00,0.00,0.00)","(-0.59,1.64,436.90)"
45.19473,3,2,False,0.0,0,-,0.0,0.0,0.0,0.0,12,"(0.00,0.76,477.95)","(0.00,0.00,0.00)","(-0.59,1.64,436.90)"
45.26499,3,2,False,0.0,0,-,0.0,0.0,0.0,0.0,12,"(0.00,0.76,478.85)","(0.00,0.00,0.00)","(-0.59,1.64,436.90)"
45.33227,3,2,False,0.0,0,-,0.0,0.0,0.0,0.0,12,"(0.00,0.76,479.75)","(0.00,0.00,0.00)","(-0.59,1.64,436.90)"
45.39972,3,2,False,0.0,0,-,0.0,0.0,0.0,0.0,12,"(0.00,0.76,480.95)","(0.00,0.00,0.00)","(-0.59,1.64,436.90)"
45.47208,3,2,False,0.0,0,-,0.0,0.0,0.0,0.0,12,"(0.00,0.76,481.85)","(0.00,0.00,0.00)","(-0.59,1.64,436.90)"
45.54575,3,2,False,0.0,0,-,0.0,0.0,0.0,0.0,12,"(0.00,0.76,483.05)","(0.00,0.00,0.00)","(-0.59,1.64,436.90)"
45.61257,3,2,False,0.0,0,-,0.0,0.0,0.0,0.0,12,"(0.00,0.76,483.95)","(0.00,0.00,0.00)","(-0.59,1.64,436.90)"
45.69571,3,2,False,0.0,0,-,0.0,0.0,0.0,0.0,12,"(0.00,0.76,485.45)","(0.00,0.00,0.00)","(-0.59,1.64,436.90)"
45.76197,3,2,False,0.0,0,-,0.0,0.0,0.0,0.0,12,"(0.00,0.76,486.35)","(0.00,0.00,0.00)","(-0.59,1.64,436.90)"
45.83471,3,2,False,0.0,0,-,0.0,0.0,0.0,0.0,12,"(0.00,0.76,487.55)","(0.00,0.00,0.00)","(-0.59,1.64,436.90)"
45.9021,3,2,False,0.0,0,-,0.0,0.0,0.0,0.0,12,"(0.00,0.76,488.45)","(0.00,0.00,0.00)","(-0.59,1.64,436.90)"
45.96696,3,2,False,0.0,0,-,0.0,0.0,0.0,0.0,12,"(0.00,0.76,489.35)","(0.00,0.00,0.00)","(-0.59,1.64,436.90)"
46.03608,3,2,False,0.0,0,-,0.0,0.0,0.0,0.0,12,"(0.00,0.76,490.55)","(0.00,0.00,0.00)","(-0.59,1.64,436.90)"
46.10428,3,2,False,0.0,0,-,0.0,0.0,0.0,0.0,12,"(0.00,0.76,491.45)","(0.00,0.00,0.00)","(-0.59,1.64,436.90)"
46.17565,3,2,False,0.0,0,-,0.0,0.0,0.0,0.0,12,"(0.00,0.76,492.65)","(0.00,0.00,0.00)","(-0.59,1.64,436.90)"
46.24703,3,2,False,0.0,0,-,0.0,0.0,0.0,0.0,12,"(0.00,0.76,493.55)","(0.00,0.00,0.00)","(-0.59,1.64,436.90)"
46.32883,3,2,False,0.0,0,-,0.0,0.0,0.0,0.0,12,"(0.00,0.76,494.75)","(0.00,0.00,0.00)","(-0.59,1.64,436.90)"
46.39768,3,2,False,0.0,0,-,0.0,0.0,0.0,0.0,12,"(0.00,0.76,495.95)","(0.00,0.00,0.00)","(-0.59,1.64,436.90)"
46.46904,3,2,False,0.0,0,-,0.0,0.0,0.0,0.0,12,"(0.00,0.76,496.85)","(0.00,0.00,0.00)","(-0.59,1.64,436.90)"
46.53899,3,2,False,0.0,0,-,0.0,0.0,0.0,0.0,12,"(0.00,0.76,498.05)","(0.00,0.00,0.00)","(-0.59,1.64,436.90)"
46.62479,3,2,False,0.0,0,-,0.0,0.0,0.0,0.0,12,"(0.00,0.76,499.25)","(0.00,0.00,0.00)","(-0.59,1.64,436.90)"
46.69055,3,2,False,0.0,0,-,0.0,0.0,0.0,0.0,12,"(0.00,0.76,500.15)","(0.00,0.00,0.00)","(-0.59,1.64,436.90)"
46.77069,3,2,False,0.0,0,-,0.0,0.0,0.0,0.0,12,"(0.00,0.76,501.35)","(0.00,0.00,0.00)","(-0.59,1.64,436.90)"
46.83818,3,2,False,0.0,0,-,0.0,0.0,0.0,0.0,12,"(0.00,0.76,502.55)","(0.00,0.00,0.00)","(-0.59,1.64,436.90)"
46.9138,3,2,False,0.0,0,-,0.0,0.0,0.0,0.0,12,"(0.00,0.76,503.75)","(0.00,0.00,0.00)","(-0.59,1.64,436.90)"
46.99103,3,2,False,0.0,0,-,0.0,0.0,0.0,0.0,12,"(0.00,0.76,504.65)","(0.00,0.00,0.00)","(-0.59,1.64,436.90)"
47.06502,3,2,False,0.0,0,-,0.0,0.0,0.0,0.0,12,"(0.00,0.76,505.85)","(0.00,0.00,0.00)","(-0.59,1.64,436.90)"
47.13662,3,3,True,8.0,1,-,0.0,0.0,0.0,0.0,12,"(0.00,0.76,506.75)","(0.00,0.00,0.00)","(-0.59,1.64,436.90)"
47.20001,3,3,True,8.0,1,visual,0.0,0.0,0.0,0.0,12,"(0.00,0.76,507.95)","(0.00,0.00,0.00)","(-0.59,1.64,436.90)"
47.27172,3,3,True,8.0,1,visual,0.0,0.0,0.0,0.0,13,"(0.00,0.76,508.85)","(0.00,0.00,0.00)","(-0.22,1.04,508.89)"
47.3424,3,3,True,8.0,1,visual,0.0,0.0,0.0,0.0,13,"(0.00,0.76,510.05)","(0.00,0.00,0.00)","(-0.22,1.04,508.89)"
47.40889,3,3,True,8.0,1,visual,0.0,0.0,0.0,0.0,13,"(0.00,0.76,510.95)","(0.00,0.00,0.00)","(-0.22,1.04,508.89)"
47.47645,3,3,True,8.0,1,visual,0.0,0.0,0.0,0.0,13,"(0.00,0.76,511.85)","(0.00,0.00,0.00)","(-0.22,1.04,508.89)"
47.5477,3,3,True,8.0,1,visual,0.0,0.0,0.0,0.0,13,"(0.00,0.76,513.05)","(0.00,0.00,0.00)","(-0.22,1.04,508.89)"
47.61835,3,3,True,8.0,1,visual,0.0,0.0,0.0,0.0,13,"(0.00,0.76,513.95)","(0.00,0.00,0.00)","(-0.22,1.04,508.89)"
47.70268,3,3,True,8.0,1,visual,0.0,0.0,0.0,0.0,13,"(0.00,0.76,515.45)","(0.00,0.00,0.00)","(-0.22,1.04,508.89)"
47.77252,3,3,True,8.0,1,visual,0.0,0.0,0.0,0.0,13,"(0.00,0.76,516.35)","(0.00,0.00,0.00)","(-0.22,1.04,508.89)"
47.85287,3,3,True,8.0,1,visual,0.0,0.0,0.0,0.0,13,"(0.00,0.76,517.55)","(0.00,0.00,0.00)","(-0.22,1.04,508.89)"
47.92379,3,3,True,8.0,1,visual,0.0,0.0,0.0,0.0,13,"(0.00,0.76,518.75)","(0.00,0.00,0.00)","(-0.22,1.04,508.89)"
47.9961,3,3,True,8.0,1,visual,0.0,0.0,0.0,0.0,13,"(0.00,0.76,519.95)","(0.00,0.00,0.00)","(-0.22,1.04,508.89)"
48.06384,3,3,True,8.0,1,visual,0.0,0.0,0.0,0.0,13,"(0.00,0.76,520.85)","(0.00,0.00,0.00)","(-0.22,1.04,508.89)"
48.14439,3,3,True,8.0,1,visual,0.0,0.0,0.0,0.0,13,"(0.00,0.76,522.05)","(0.00,0.00,0.00)","(-0.22,1.04,508.89)"
48.2126,3,3,True,8.0,1,visual,0.0,0.0,0.0,0.0,13,"(0.00,0.76,522.95)","(0.00,0.00,0.00)","(-0.22,1.04,508.89)"
48.29027,3,3,True,8.0,1,visual,0.0,0.0,0.0,0.0,13,"(0.00,0.76,524.15)","(0.00,0.00,0.00)","(-0.22,1.04,508.89)"
48.36204,3,3,True,8.0,1,visual,0.0,0.0,0.0,0.0,13,"(0.00,0.76,525.35)","(0.00,0.00,0.00)","(-0.22,1.04,508.89)"
48.42796,3,3,True,8.0,1,visual,0.0,0.0,0.0,0.0,13,"(0.00,0.76,526.25)","(0.00,0.00,0.00)","(-0.22,1.04,508.89)"
48.49457,3,3,True,8.0,1,visual,0.0,0.0,0.0,0.0,13,"(0.00,0.76,527.45)","(0.00,0.00,0.00)","(-0.22,1.04,508.89)"
48.56029,3,3,True,8.0,1,visual,0.0,0.0,0.0,0.0,13,"(0.00,0.76,528.35)","(0.00,0.00,0.00)","(-0.22,1.04,508.89)"
48.62909,3,3,True,8.0,1,visual,0.0,0.0,0.0,0.0,13,"(0.00,0.76,529.25)","(0.00,0.00,0.00)","(-0.22,1.04,508.89)"
48.69906,3,3,True,8.0,1,visual,0.0,0.0,0.0,0.0,13,"(0.00,0.76,530.45)","(0.00,0.00,0.00)","(-0.22,1.04,508.89)"
48.77223,3,3,True,8.0,1,visual,0.0,0.0,0.0,0.0,13,"(0.00,0.76,531.35)","(0.00,0.00,0.00)","(-0.22,1.04,508.89)"
48.84508,3,3,True,8.0,1,visual,0.0,0.0,0.0,0.0,13,"(0.00,0.76,532.55)","(0.00,0.00,0.00)","(-0.22,1.04,508.89)"
48.91833,3,3,True,8.0,1,visual,0.0,0.0,0.0,0.0,13,"(0.00,0.76,533.75)","(0.00,0.00,0.00)","(-0.22,1.04,508.89)"
48.98404,3,3,True,8.0,1,visual,0.0,0.0,0.0,0.0,13,"(0.00,0.76,534.65)","(0.00,0.00,0.00)","(-0.22,1.04,508.89)"
49.06486,3,3,True,8.0,1,visual,0.0,0.0,0.0,0.0,13,"(0.00,0.76,535.85)","(0.00,0.00,0.00)","(-0.22,1.04,508.89)"
49.13091,3,3,True,8.0,1,visual,0.0,0.0,0.0,0.0,13,"(0.00,0.76,536.75)","(0.00,0.00,0.00)","(-0.22,1.04,508.89)"
49.21211,3,3,False,0.0,0,-,0.0,0.0,0.0,0.0,13,"(0.00,0.76,537.95)","(0.00,0.00,0.00)","(-0.22,1.04,508.89)"
49.28228,3,3,False,0.0,0,-,0.0,0.0,0.0,0.0,13,"(0.00,0.76,539.15)","(0.00,0.00,0.00)","(-0.22,1.04,508.89)"
49.35574,3,3,False,0.0,0,-,0.0,0.0,0.0,0.0,13,"(0.00,0.76,540.35)","(0.00,0.00,0.00)","(-0.22,1.04,508.89)"
49.42592,3,3,False,0.0,0,-,0.0,0.0,0.0,0.0,13,"(0.00,0.76,541.25)","(0.00,0.00,0.00)","(-0.22,1.04,508.89)"
49.49446,3,3,False,0.0,0,-,0.0,0.0,0.0,0.0,13,"(0.00,0.76,542.45)","(0.00,0.00,0.00)","(-0.22,1.04,508.89)"
49.56345,3,3,False,0.0,0,-,0.0,0.0,0.0,0.0,13,"(0.00,0.76,543.35)","(0.00,0.00,0.00)","(-0.22,1.04,508.89)"
49.63217,3,3,False,0.0,0,-,0.0,0.0,0.0,0.0,13,"(0.00,0.76,544.25)","(0.00,0.00,0.00)","(-0.22,1.04,508.89)"
49.699,3,3,False,0.0,0,-,0.0,0.0,0.0,0.0,13,"(0.00,0.76,545.45)","(0.00,0.00,0.00)","(-0.22,1.04,508.89)"
49.76014,3,3,False,0.0,0,-,0.0,0.0,0.0,0.0,13,"(0.00,0.76,546.35)","(0.00,0.00,0.00)","(-0.22,1.04,508.89)"
49.83176,3,3,False,0.0,0,-,0.0,0.0,0.0,0.0,13,"(0.00,0.76,547.25)","(0.00,0.00,0.00)","(-0.22,1.04,508.89)"
49.8969,3,3,False,0.0,0,-,0.0,0.0,0.0,0.0,13,"(0.00,0.76,548.45)","(0.00,0.00,0.00)","(-0.22,1.04,508.89)"
49.96956,3,3,False,0.0,0,-,0.0,0.0,0.0,0.0,13,"(0.00,0.76,549.35)","(0.00,0.00,0.00)","(-0.22,1.04,508.89)"
50.0363,3,3,False,0.0,0,-,0.0,0.0,0.0,0.0,13,"(0.00,0.76,550.55)","(0.00,0.00,0.00)","(-0.22,1.04,508.89)"
50.10631,3,3,False,0.0,0,-,0.0,0.0,0.0,0.0,13,"(0.00,0.76,551.45)","(0.00,0.00,0.00)","(-0.22,1.04,508.89)"
50.1782,3,3,False,0.0,0,-,0.0,0.0,0.0,0.0,13,"(0.00,0.76,552.65)","(0.00,0.00,0.00)","(-0.22,1.04,508.89)"
50.24912,3,3,False,0.0,0,-,0.0,0.0,0.0,0.0,13,"(0.00,0.76,553.55)","(0.00,0.00,0.00)","(-0.22,1.04,508.89)"
50.31427,3,3,False,0.0,0,-,0.0,0.0,0.0,0.0,13,"(0.00,0.76,554.75)","(0.00,0.00,0.00)","(-0.22,1.04,508.89)"
50.38748,3,3,False,0.0,0,-,0.0,0.0,0.0,0.0,13,"(0.00,0.76,555.65)","(0.00,0.00,0.00)","(-0.22,1.04,508.89)"
50.45998,3,3,False,0.0,0,-,0.0,0.0,0.0,0.0,13,"(0.00,0.76,556.85)","(0.00,0.00,0.00)","(-0.22,1.04,508.89)"
50.53027,3,3,False,0.0,0,-,0.0,0.0,0.0,0.0,13,"(0.00,0.76,557.75)","(0.00,0.00,0.00)","(-0.22,1.04,508.89)"
50.60614,3,3,False,0.0,0,-,0.0,0.0,0.0,0.0,13,"(0.00,0.76,558.95)","(0.00,0.00,0.00)","(-0.22,1.04,508.89)"
50.67215,3,3,False,0.0,0,-,0.0,0.0,0.0,0.0,13,"(0.00,0.76,559.85)","(0.00,0.00,0.00)","(-0.22,1.04,508.89)"
50.74915,3,3,False,0.0,0,-,0.0,0.0,0.0,0.0,13,"(0.00,0.76,561.05)","(0.00,0.00,0.00)","(-0.22,1.04,508.89)"
50.81342,3,3,False,0.0,0,-,0.0,0.0,0.0,0.0,13,"(0.00,0.76,562.25)","(0.00,0.00,0.00)","(-0.22,1.04,508.89)"
50.87673,3,3,False,0.0,0,-,0.0,0.0,0.0,0.0,13,"(0.00,0.76,563.15)","(0.00,0.00,0.00)","(-0.22,1.04,508.89)"
50.9474,3,3,False,0.0,0,-,0.0,0.0,0.0,0.0,13,"(0.00,0.76,564.05)","(0.00,0.00,0.00)","(-0.22,1.04,508.89)"
51.01291,3,3,False,0.0,0,-,0.0,0.0,0.0,0.0,13,"(0.00,0.76,564.95)","(0.00,0.00,0.00)","(-0.22,1.04,508.89)"
51.08098,3,3,False,0.0,0,-,0.0,0.0,0.0,0.0,13,"(0.00,0.76,566.15)","(0.00,0.00,0.00)","(-0.22,1.04,508.89)"
51.15391,3,3,False,0.0,0,-,0.0,0.0,0.0,0.0,13,"(0.00,0.76,567.05)","(0.00,0.00,0.00)","(-0.22,1.04,508.89)"
51.22028,3,3,False,0.0,0,-,0.0,0.0,0.0,0.0,13,"(0.00,0.76,568.25)","(0.00,0.00,0.00)","(-0.22,1.04,508.89)"
51.2916,3,3,False,0.0,0,-,0.0,0.0,0.0,0.0,13,"(0.00,0.76,569.15)","(0.00,0.00,0.00)","(-0.22,1.04,508.89)"
51.36491,3,3,False,0.0,0,-,0.0,0.0,0.0,0.0,13,"(0.00,0.76,570.35)","(0.00,0.00,0.00)","(-0.22,1.04,508.89)"
51.43363,3,3,False,0.0,0,-,0.0,0.0,0.0,0.0,13,"(0.00,0.76,571.55)","(0.00,0.00,0.00)","(-0.22,1.04,508.89)"
51.5107,3,3,False,0.0,0,-,0.0,0.0,0.0,0.0,13,"(0.00,0.76,572.45)","(0.00,0.00,0.00)","(-0.22,1.04,508.89)"
51.58164,3,3,False,0.0,0,-,0.0,0.0,0.0,0.0,13,"(0.00,0.76,573.65)","(0.00,0.00,0.00)","(-0.22,1.04,508.89)"
51.65293,3,3,False,0.0,0,-,0.0,0.0,0.0,0.0,13,"(0.00,0.76,574.55)","(0.00,0.00,0.00)","(-0.22,1.04,508.89)"
51.72166,3,3,False,0.0,0,-,0.0,0.0,0.0,0.0,13,"(0.00,0.76,575.75)","(0.00,0.00,0.00)","(-0.22,1.04,508.89)"
51.78776,3,3,False,0.0,0,-,0.0,0.0,0.0,0.0,14,"(0.00,0.76,576.65)","(0.00,0.00,0.00)","(-0.31,-0.19,576.69)"
51.85422,3,3,False,0.0,0,-,0.0,0.0,0.0,0.0,14,"(0.00,0.76,577.55)","(0.00,0.00,0.00)","(-0.31,-0.19,576.69)"
51.92084,3,3,False,0.0,0,-,0.0,0.0,0.0,0.0,14,"(0.00,0.76,578.75)","(0.00,0.00,0.00)","(-0.31,-0.19,576.69)"
51.99505,3,3,False,0.0,0,-,0.0,0.0,0.0,0.0,14,"(0.00,0.76,579.95)","(0.00,0.00,0.00)","(-0.31,-0.19,576.69)"
52.06046,3,3,False,0.0,0,-,0.0,0.0,0.0,0.0,14,"(0.00,0.76,580.85)","(0.00,0.00,0.00)","(-0.31,-0.19,576.69)"
52.13246,3,3,False,0.0,0,-,0.0,0.0,0.0,0.0,14,"(0.00,0.76,581.75)","(0.00,0.00,0.00)","(-0.31,-0.19,576.69)"
52.20139,3,3,False,0.0,0,-,0.0,0.0,0.0,0.0,14,"(0.00,0.76,582.95)","(0.00,0.00,0.00)","(-0.31,-0.19,576.69)"
52.28198,3,3,False,0.0,0,-,0.0,0.0,0.0,0.0,14,"(0.00,0.76,584.15)","(0.00,0.00,0.00)","(-0.31,-0.19,576.69)"
52.34545,3,3,False,0.0,0,-,0.0,0.0,0.0,0.0,14,"(0.00,0.76,585.05)","(0.00,0.00,0.00)","(-0.31,-0.19,576.69)"
52.41652,3,3,False,0.0,0,-,0.0,0.0,0.0,0.0,14,"(0.00,0.76,586.25)","(0.00,0.00,0.00)","(-0.31,-0.19,576.69)"
52.48255,3,3,False,0.0,0,-,0.0,0.0,0.0,0.0,14,"(0.00,0.76,587.15)","(0.00,0.00,0.00)","(-0.31,-0.19,576.69)"
52.55096,3,3,False,0.0,0,-,0.0,0.0,0.0,0.0,14,"(0.00,0.76,588.05)","(0.00,0.00,0.00)","(-0.31,-0.19,576.69)"
52.61715,3,3,False,0.0,0,-,0.0,0.0,0.0,0.0,14,"(0.00,0.76,589.25)","(0.00,0.00,0.00)","(-0.31,-0.19,576.69)"
52.68442,3,3,False,0.0,0,-,0.0,0.0,0.0,0.0,14,"(0.00,0.76,590.15)","(0.00,0.00,0.00)","(-0.31,-0.19,576.69)"
52.75138,3,3,False,0.0,0,-,0.0,0.0,0.0,0.0,14,"(0.00,0.76,591.05)","(0.00,0.00,0.00)","(-0.31,-0.19,576.69)"
52.81503,3,3,False,0.0,0,-,0.0,0.0,0.0,0.0,14,"(0.00,0.76,592.25)","(0.00,0.00,0.00)","(-0.31,-0.19,576.69)"
52.88889,3,3,False,0.0,0,-,0.0,0.0,0.0,0.0,14,"(0.00,0.76,593.15)","(0.00,0.00,0.00)","(-0.31,-0.19,576.69)"
52.95802,3,3,False,0.0,0,-,0.0,0.0,0.0,0.0,14,"(0.00,0.76,594.35)","(0.00,0.00,0.00)","(-0.31,-0.19,576.69)"
53.02329,3,3,False,0.0,0,-,0.0,0.0,0.0,0.0,14,"(0.00,0.76,595.25)","(0.00,0.00,0.00)","(-0.31,-0.19,576.69)"
53.09405,3,3,False,0.0,0,-,0.0,0.0,0.0,0.0,14,"(0.00,0.76,596.45)","(0.00,0.00,0.00)","(-0.31,-0.19,576.69)"
53.15964,3,3,False,0.0,0,-,0.0,0.0,0.0,0.0,14,"(0.00,0.76,597.35)","(0.00,0.00,0.00)","(-0.31,-0.19,576.69)"
53.23002,3,3,False,0.0,0,-,0.0,0.0,0.0,0.0,14,"(0.00,0.76,598.25)","(0.00,0.00,0.00)","(-0.31,-0.19,576.69)"
53.30456,3,3,False,0.0,0,-,0.0,0.0,0.0,0.0,14,"(0.00,0.76,599.45)","(0.00,0.00,0.00)","(-0.31,-0.19,576.69)"
53.37303,4,3,False,0.0,0,-,0.0,0.0,0.0,0.0,14,"(0.00,0.76,600.65)","(0.00,0.00,0.00)","(-0.31,-0.19,576.69)"
53.44749,4,3,False,0.0,0,-,0.0,0.0,0.0,0.0,14,"(0.00,0.76,601.55)","(0.00,0.00,0.00)","(-0.31,-0.19,576.69)"
53.52344,4,3,False,0.0,0,-,0.0,0.0,0.0,0.0,14,"(0.00,0.76,602.75)","(0.00,0.00,0.00)","(-0.31,-0.19,576.69)"
53.58838,4,3,False,0.0,0,-,0.0,0.0,0.0,0.0,14,"(0.00,0.76,603.65)","(0.00,0.00,0.00)","(-0.31,-0.19,576.69)"
53.66871,4,3,False,0.0,0,-,0.0,0.0,0.0,0.0,14,"(0.00,0.76,604.85)","(0.00,0.00,0.00)","(-0.31,-0.19,576.69)"
53.73588,4,3,False,0.0,0,-,0.0,0.0,0.0,0.0,14,"(0.00,0.76,606.05)","(0.00,0.00,0.00)","(-0.31,-0.19,576.69)"
53.80863,4,3,False,0.0,0,-,0.0,0.0,0.0,0.0,14,"(0.00,0.76,606.95)","(0.00,0.00,0.00)","(-0.31,-0.19,576.69)"
53.87456,4,3,False,0.0,0,-,0.0,0.0,0.0,0.0,14,"(0.00,0.76,607.85)","(0.00,0.00,0.00)","(-0.31,-0.19,576.69)"
53.94235,4,3,False,0.0,0,-,0.0,0.0,0.0,0.0,14,"(0.00,0.76,609.05)","(0.00,0.00,0.00)","(-0.31,-0.19,576.69)"
54.01023,4,3,False,0.0,0,-,0.0,0.0,0.0,0.0,14,"(0.00,0.76,609.95)","(0.00,0.00,0.00)","(-0.31,-0.19,576.69)"
54.08343,4,3,False,0.0,0,-,0.0,0.0,0.0,0.0,14,"(0.00,0.76,611.15)","(0.00,0.00,0.00)","(-0.31,-0.19,576.69)"
54.14575,4,3,False,0.0,0,-,0.0,0.0,0.0,0.0,15,"(0.00,0.76,612.05)","(0.00,0.00,0.00)","(-0.75,0.63,611.79)"
54.22021,4,3,False,0.0,0,-,0.0,0.0,0.0,0.0,15,"(0.00,0.76,613.25)","(0.00,0.00,0.00)","(-0.75,0.63,611.79)"
54.28478,4,3,False,0.0,0,-,0.0,0.0,0.0,0.0,15,"(0.00,0.76,614.15)","(0.00,0.00,0.00)","(-0.75,0.63,611.79)"
54.3504,4,3,False,0.0,0,-,0.0,0.0,0.0,0.0,15,"(0.00,0.76,615.05)","(0.00,0.00,0.00)","(-0.75,0.63,611.79)"
54.42514,4,3,False,0.0,0,-,0.0,0.0,0.0,0.0,15,"(0.00,0.76,616.25)","(0.00,0.00,0.00)","(-0.75,0.63,611.79)"
54.49152,4,3,False,0.0,0,-,0.0,0.0,0.0,0.0,15,"(0.00,0.76,617.15)","(0.00,0.00,0.00)","(-0.75,0.63,611.79)"
54.55294,4,3,False,0.0,0,-,0.0,0.0,0.0,0.0,15,"(0.00,0.76,618.05)","(0.00,0.00,0.00)","(-0.75,0.63,611.79)"
54.6195,4,3,False,0.0,0,-,0.0,0.0,0.0,0.0,15,"(0.00,0.76,619.25)","(0.00,0.00,0.00)","(-0.75,0.63,611.79)"
54.68643,4,3,False,0.0,0,-,0.0,0.0,0.0,0.0,15,"(0.00,0.76,620.15)","(0.00,0.00,0.00)","(-0.75,0.63,611.79)"
54.75221,4,3,False,0.0,0,-,0.0,0.0,0.0,0.0,15,"(0.00,0.76,621.05)","(0.00,0.00,0.00)","(-0.75,0.63,611.79)"
54.82083,4,3,False,0.0,0,-,0.0,0.0,0.0,0.0,15,"(0.00,0.76,622.25)","(0.00,0.00,0.00)","(-0.75,0.63,611.79)"
54.90444,4,3,False,0.0,0,-,0.0,0.0,0.0,0.0,15,"(0.00,0.76,623.45)","(0.00,0.00,0.00)","(-0.75,0.63,611.79)"
54.97034,4,3,False,0.0,0,-,0.0,0.0,0.0,0.0,15,"(0.00,0.76,624.35)","(0.00,0.00,0.00)","(-0.75,0.63,611.79)"
55.05204,4,3,False,0.0,0,-,0.0,0.0,0.0,0.0,15,"(0.00,0.76,625.55)","(0.00,0.00,0.00)","(-0.75,0.63,611.79)"
55.11977,4,3,False,0.0,0,-,0.0,0.0,0.0,0.0,15,"(0.00,0.76,626.75)","(0.00,0.00,0.00)","(-0.75,0.63,611.79)"
55.19405,4,3,False,0.0,0,-,0.0,0.0,0.0,0.0,15,"(0.00,0.76,627.95)","(0.00,0.00,0.00)","(-0.75,0.63,611.79)"
55.26621,4,3,False,0.0,0,-,0.0,0.0,0.0,0.0,16,"(0.00,0.76,628.85)","(0.00,0.00,0.00)","(0.97,-0.10,628.29)"
55.34127,4,3,False,0.0,0,-,0.0,0.0,0.0,0.0,16,"(0.00,0.76,630.05)","(0.00,0.00,0.00)","(0.97,-0.10,628.29)"
55.41001,4,3,False,0.0,0,-,0.0,0.0,0.0,0.0,16,"(0.00,0.76,630.95)","(0.00,0.00,0.00)","(0.97,-0.10,628.29)"
55.48223,4,4,True,6.0,3,-,0.0,0.0,0.0,0.0,16,"(0.00,0.76,632.15)","(0.00,0.00,0.00)","(0.97,-0.10,628.29)"
55.54863,4,4,True,6.0,3,visual,0.0,0.0,0.0,0.0,16,"(0.00,0.76,633.05)","(0.00,0.00,0.00)","(0.97,-0.10,628.29)"
55.61205,4,4,True,6.0,3,visual,0.0,0.0,0.0,0.0,16,"(0.00,0.76,633.95)","(0.00,0.00,0.00)","(0.97,-0.10,628.29)"
55.68368,4,4,True,6.0,3,visual,0.0,0.0,0.0,0.0,16,"(0.00,0.76,635.15)","(0.00,0.00,0.00)","(0.97,-0.10,628.29)"
55.7545,4,4,True,6.0,3,visual,0.0,0.0,0.0,0.0,16,"(0.00,0.76,636.35)","(0.00,0.00,0.00)","(0.97,-0.10,628.29)"
55.82245,4,4,True,6.0,3,visual,0.0,0.0,0.0,0.0,16,"(0.00,0.76,637.25)","(0.00,0.00,0.00)","(0.97,-0.10,628.29)"
55.88986,4,4,True,6.0,3,visual,0.0,0.0,0.0,0.0,16,"(0.00,0.76,638.15)","(0.00,0.00,0.00)","(0.97,-0.10,628.29)"
55.96844,4,4,True,6.0,3,visual,0.0,0.0,0.0,0.0,16,"(0.00,0.76,639.35)","(0.00,0.00,0.00)","(0.97,-0.10,628.29)"
56.04277,4,4,True,6.0,3,visual,0.0,0.0,0.0,0.0,16,"(0.00,0.76,640.55)","(0.00,0.00,0.00)","(0.97,-0.10,628.29)"
56.11473,4,4,True,6.0,3,visual,0.0,0.0,0.0,0.0,16,"(0.00,0.76,641.75)","(0.00,0.00,0.00)","(0.97,-0.10,628.29)"
56.18567,4,4,True,6.0,3,visual,0.0,0.0,0.0,0.0,16,"(0.00,0.76,642.65)","(0.00,0.00,0.00)","(0.97,-0.10,628.29)"
56.26319,4,4,True,6.0,3,visual,0.0,0.0,0.0,0.0,16,"(0.00,0.76,643.85)","(0.00,0.00,0.00)","(0.97,-0.10,628.29)"
56.33131,4,4,True,6.0,3,visual,0.0,0.0,0.0,0.0,16,"(0.00,0.76,644.75)","(0.00,0.00,0.00)","(0.97,-0.10,628.29)"
56.40233,4,4,True,6.0,3,visual,0.0,0.0,0.0,0.0,16,"(0.00,0.76,645.95)","(0.00,0.00,0.00)","(0.97,-0.10,628.29)"
56.46972,4,4,True,6.0,3,visual,0.0,0.0,0.0,0.0,16,"(0.00,0.76,646.85)","(0.00,0.00,0.00)","(0.97,-0.10,628.29)"
56.539,4,4,True,6.0,3,visual,0.0,0.0,0.0,0.0,16,"(0.00,0.76,648.05)","(0.00,0.00,0.00)","(0.97,-0.10,628.29)"
56.62499,4,4,True,6.0,3,visual,0.0,0.0,0.0,0.0,16,"(0.00,0.76,649.25)","(0.00,0.00,0.00)","(0.97,-0.10,628.29)"
56.69523,4,4,True,6.0,3,visual,0.0,0.0,0.0,0.0,16,"(0.00,0.76,650.45)","(0.00,0.00,0.00)","(0.97,-0.10,628.29)"
56.76701,4,4,True,6.0,3,visual,0.0,0.0,0.0,0.0,16,"(0.00,0.76,651.35)","(0.00,0.00,0.00)","(0.97,-0.10,628.29)"
56.83395,4,4,True,6.0,3,visual,0.0,0.0,0.0,0.0,16,"(0.00,0.76,652.55)","(0.00,0.00,0.00)","(0.97,-0.10,628.29)"
56.89795,4,4,True,6.0,3,visual,0.0,0.0,0.0,0.0,16,"(0.00,0.76,653.45)","(0.00,0.00,0.00)","(0.97,-0.10,628.29)"
56.96533,4,4,True,6.0,3,visual,0.0,0.0,0.0,0.0,16,"(0.00,0.76,654.35)","(0.00,0.00,0.00)","(0.97,-0.10,628.29)"
57.03803,4,4,True,6.0,3,visual,0.0,0.0,0.0,0.0,16,"(0.00,0.76,655.55)","(0.00,0.00,0.00)","(0.97,-0.10,628.29)"
57.10629,4,4,True,6.0,3,visual,0.0,0.0,0.0,0.0,16,"(0.00,0.76,656.45)","(0.00,0.00,0.00)","(0.97,-0.10,628.29)"
57.18418,4,4,True,6.0,3,visual,0.0,0.0,0.0,0.0,16,"(0.00,0.76,657.65)","(0.00,0.00,0.00)","(0.97,-0.10,628.29)"
57.24971,4,4,True,6.0,3,visual,0.0,0.0,0.0,0.0,16,"(0.00,0.76,658.55)","(0.00,0.00,0.00)","(0.97,-0.10,628.29)"
57.32738,4,4,True,6.0,3,visual,0.0,0.0,0.0,0.0,16,"(0.00,0.76,659.75)","(0.00,0.00,0.00)","(0.97,-0.10,628.29)"
57.39075,4,4,True,6.0,3,visual,0.0,0.0,0.0,0.0,16,"(0.00,0.76,660.65)","(0.00,0.00,0.00)","(0.97,-0.10,628.29)"
57.45815,4,4,True,6.0,3,visual,0.0,0.0,0.0,0.0,16,"(0.00,0.76,661.85)","(0.00,0.00,0.00)","(0.97,-0.10,628.29)"
57.52405,4,4,False,0.0,0,-,0.0,0.0,0.0,0.0,16,"(0.00,0.76,662.75)","(0.00,0.00,0.00)","(0.97,-0.10,628.29)"
57.58702,4,4,False,0.0,0,-,0.0,0.0,0.0,0.0,16,"(0.00,0.76,663.65)","(0.00,0.00,0.00)","(0.97,-0.10,628.29)"
57.65475,4,4,False,0.0,0,-,0.0,0.0,0.0,0.0,16,"(0.00,0.76,664.85)","(0.00,0.00,0.00)","(0.97,-0.10,628.29)"
57.72934,4,4,False,0.0,0,-,0.0,0.0,0.0,0.0,16,"(0.00,0.76,665.75)","(0.00,0.00,0.00)","(0.97,-0.10,628.29)"
57.79909,4,4,False,0.0,0,-,0.0,0.0,0.0,0.0,16,"(0.00,0.76,666.95)","(0.00,0.00,0.00)","(0.97,-0.10,628.29)"
57.86768,4,4,False,0.0,0,-,0.0,0.0,0.0,0.0,16,"(0.00,0.76,667.85)","(0.00,0.00,0.00)","(0.97,-0.10,628.29)"
57.94229,4,4,False,0.0,0,-,0.0,0.0,0.0,0.0,16,"(0.00,0.76,669.05)","(0.00,0.00,0.00)","(0.97,-0.10,628.29)"
58.01323,4,4,False,0.0,0,-,0.0,0.0,0.0,0.0,16,"(0.00,0.76,670.25)","(0.00,0.00,0.00)","(0.97,-0.10,628.29)"
58.08493,4,4,False,0.0,0,-,0.0,0.0,0.0,0.0,16,"(0.00,0.76,671.15)","(0.00,0.00,0.00)","(0.97,-0.10,628.29)"
58.14937,4,4,False,0.0,0,-,0.0,0.0,0.0,0.0,16,"(0.00,0.76,672.04)","(0.00,0.00,0.00)","(0.97,-0.10,628.29)"
58.21784,4,4,False,0.0,0,-,0.0,0.0,0.0,0.0,16,"(0.00,0.76,673.24)","(0.00,0.00,0.00)","(0.97,-0.10,628.29)"
58.28559,4,4,False,0.0,0,-,0.0,0.0,0.0,0.0,16,"(0.00,0.76,674.14)","(0.00,0.00,0.00)","(0.97,-0.10,628.29)"
58.35447,4,4,False,0.0,0,-,0.0,0.0,0.0,0.0,16,"(0.00,0.76,675.34)","(0.00,0.00,0.00)","(0.97,-0.10,628.29)"
58.42493,4,4,False,0.0,0,-,0.0,0.0,0.0,0.0,16,"(0.00,0.76,676.24)","(0.00,0.00,0.00)","(0.97,-0.10,628.29)"
58.49091,4,4,False,0.0,0,-,0.0,0.0,0.0,0.0,16,"(0.00,0.76,677.14)","(0.00,0.00,0.00)","(0.97,-0.10,628.29)"
58.57854,4,4,False,0.0,0,-,0.0,0.0,0.0,0.0,16,"(0.00,0.76,678.64)","(0.00,0.00,0.00)","(0.97,-0.10,628.29)"
58.64692,4,4,False,0.0,0,-,0.0,0.0,0.0,0.0,16,"(0.00,0.76,679.54)","(0.00,0.00,0.00)","(0.97,-0.10,628.29)"
58.72072,4,4,False,0.0,0,-,0.0,0.0,0.0,0.0,16,"(0.00,0.76,680.74)","(0.00,0.00,0.00)","(0.97,-0.10,628.29)"
58.7902,4,4,False,0.0,0,-,0.0,0.0,0.0,0.0,16,"(0.00,0.76,681.64)","(0.00,0.00,0.00)","(0.97,-0.10,628.29)"
58.86721,4,4,False,0.0,0,-,0.0,0.0,0.0,0.0,16,"(0.00,0.76,682.84)","(0.00,0.00,0.00)","(0.97,-0.10,628.29)"
58.93236,4,4,False,0.0,0,-,0.0,0.0,0.0,0.0,16,"(0.00,0.76,683.74)","(0.00,0.00,0.00)","(0.97,-0.10,628.29)"
59.00126,4,4,False,0.0,0,-,0.0,0.0,0.0,0.0,16,"(0.00,0.76,684.94)","(0.00,0.00,0.00)","(0.97,-0.10,628.29)"
59.06649,4,4,False,0.0,0,-,0.0,0.0,0.0,0.0,16,"(0.00,0.76,685.84)","(0.00,0.00,0.00)","(0.97,-0.10,628.29)"
59.13508,4,4,False,0.0,0,-,0.0,0.0,0.0,0.0,16,"(0.00,0.76,686.74)","(0.00,0.00,0.00)","(0.97,-0.10,628.29)"
59.20506,4,4,False,0.0,0,-,0.0,0.0,0.0,0.0,16,"(0.00,0.76,687.94)","(0.00,0.00,0.00)","(0.97,-0.10,628.29)"
59.27468,4,4,False,0.0,0,-,0.0,0.0,0.0,0.0,16,"(0.00,0.76,688.84)","(0.00,0.00,0.00)","(0.97,-0.10,628.29)"
59.33655,4,4,False,0.0,0,-,0.0,0.0,0.0,0.0,16,"(0.00,0.76,690.04)","(0.00,0.00,0.00)","(0.97,-0.10,628.29)"
59.40095,4,4,False,0.0,0,-,0.0,0.0,0.0,0.0,16,"(0.00,0.76,690.94)","(0.00,0.00,0.00)","(0.97,-0.10,628.29)"
59.47517,4,4,False,0.0,0,-,0.0,0.0,0.0,0.0,16,"(0.00,0.76,692.14)","(0.00,0.00,0.00)","(0.97,-0.10,628.29)"
59.53876,4,4,False,0.0,0,-,0.0,0.0,0.0,0.0,16,"(0.00,0.76,693.04)","(0.00,0.00,0.00)","(0.97,-0.10,628.29)"
59.60269,4,4,False,0.0,0,-,0.0,0.0,0.0,0.0,16,"(0.00,0.76,693.94)","(0.00,0.00,0.00)","(0.97,-0.10,628.29)"
59.66771,4,4,False,0.0,0,-,0.0,0.0,0.0,0.0,16,"(0.00,0.76,694.84)","(0.00,0.00,0.00)","(0.97,-0.10,628.29)"
59.73573,4,4,False,0.0,0,-,0.0,0.0,0.0,0.0,16,"(0.00,0.76,695.74)","(0.00,0.00,0.00)","(0.97,-0.10,628.29)"
59.80139,4,4,False,0.0,0,-,0.0,0.0,0.0,0.0,16,"(0.00,0.76,696.94)","(0.00,0.00,0.00)","(0.97,-0.10,628.29)"
59.86743,4,4,False,0.0,0,-,0.0,0.0,0.0,0.0,16,"(0.00,0.76,697.84)","(0.00,0.00,0.00)","(0.97,-0.10,628.29)"
59.94874,4,4,False,0.0,0,-,0.0,0.0,0.0,0.0,16,"(0.00,0.76,699.04)","(0.00,0.00,0.00)","(0.97,-0.10,628.29)"
60.01548,4,4,False,0.0,0,-,0.0,0.0,0.0,0.0,16,"(0.00,0.76,699.94)","(0.00,0.00,0.00)","(0.97,-0.10,628.29)"
60.08961,4,4,False,0.0,0,-,0.0,0.0,0.0,0.0,16,"(0.00,0.76,701.14)","(0.00,0.00,0.00)","(0.97,-0.10,628.29)"
60.15529,4,4,False,0.0,0,-,0.0,0.0,0.0,0.0,16,"(0.00,0.76,702.34)","(0.00,0.00,0.00)","(0.97,-0.10,628.29)"
60.221,4,4,False,0.0,0,-,0.0,0.0,0.0,0.0,16,"(0.00,0.76,703.24)","(0.00,0.00,0.00)","(0.97,-0.10,628.29)"
60.28814,4,4,False,0.0,0,-,0.0,0.0,0.0,0.0,16,"(0.00,0.76,704.14)","(0.00,0.00,0.00)","(0.97,-0.10,628.29)"
60.35795,4,4,False,0.0,0,-,0.0,0.0,0.0,0.0,16,"(0.00,0.76,705.34)","(0.00,0.00,0.00)","(0.97,-0.10,628.29)"
60.42391,4,4,False,0.0,0,-,0.0,0.0,0.0,0.0,16,"(0.00,0.76,706.24)","(0.00,0.00,0.00)","(0.97,-0.10,628.29)"
60.49192,4,4,False,0.0,0,-,0.0,0.0,0.0,0.0,16,"(0.00,0.76,707.14)","(0.00,0.00,0.00)","(0.97,-0.10,628.29)"
60.56462,4,4,False,0.0,0,-,0.0,0.0,0.0,0.0,16,"(0.00,0.76,708.34)","(0.00,0.00,0.00)","(0.97,-0.10,628.29)"
60.63746,4,4,False,0.0,0,-,0.0,0.0,0.0,0.0,16,"(0.00,0.76,709.54)","(0.00,0.00,0.00)","(0.97,-0.10,628.29)"
60.70943,4,4,False,0.0,0,-,0.0,0.0,0.0,0.0,16,"(0.00,0.76,710.44)","(0.00,0.00,0.00)","(0.97,-0.10,628.29)"
60.77395,4,4,False,0.0,0,-,0.0,0.0,0.0,0.0,16,"(0.00,0.76,711.34)","(0.00,0.00,0.00)","(0.97,-0.10,628.29)"
60.84077,4,4,False,0.0,0,-,0.0,0.0,0.0,0.0,16,"(0.00,0.76,712.54)","(0.00,0.00,0.00)","(0.97,-0.10,628.29)"
60.90576,4,4,False,0.0,0,-,0.0,0.0,0.0,0.0,16,"(0.00,0.76,713.44)","(0.00,0.00,0.00)","(0.97,-0.10,628.29)"
60.97427,4,4,False,0.0,0,-,0.0,0.0,0.0,0.0,16,"(0.00,0.76,714.34)","(0.00,0.00,0.00)","(0.97,-0.10,628.29)"
61.04045,4,4,False,0.0,0,-,0.0,0.0,0.0,0.0,16,"(0.00,0.76,715.54)","(0.00,0.00,0.00)","(0.97,-0.10,628.29)"
61.10489,4,4,False,0.0,0,-,0.0,0.0,0.0,0.0,16,"(0.00,0.76,716.44)","(0.00,0.00,0.00)","(0.97,-0.10,628.29)"
61.17744,4,4,False,0.0,0,-,0.0,0.0,0.0,0.0,16,"(0.00,0.76,717.64)","(0.00,0.00,0.00)","(0.97,-0.10,628.29)"
61.24324,4,4,False,0.0,0,-,0.0,0.0,0.0,0.0,18,"(0.00,0.76,718.54)","(0.00,0.00,0.00)","(0.05,0.65,718.58)"
61.32014,4,4,False,0.0,0,-,0.0,0.0,0.0,0.0,18,"(0.00,0.76,719.74)","(0.00,0.00,0.00)","(0.05,0.65,718.58)"
61.38943,4,4,False,0.0,0,-,0.0,0.0,0.0,0.0,18,"(0.00,0.76,720.64)","(0.00,0.00,0.00)","(0.05,0.65,718.58)"
61.45382,4,4,False,0.0,0,-,0.0,0.0,0.0,0.0,18,"(0.00,0.76,721.84)","(0.00,0.00,0.00)","(0.05,0.65,718.58)"
61.52349,4,4,False,0.0,0,-,0.0,0.0,0.0,0.0,18,"(0.00,0.76,722.74)","(0.00,0.00,0.00)","(0.05,0.65,718.58)"
61.58806,4,4,False,0.0,0,-,0.0,0.0,0.0,0.0,18,"(0.00,0.76,723.64)","(0.00,0.00,0.00)","(0.05,0.65,718.58)"
61.65224,4,4,False,0.0,0,-,0.0,0.0,0.0,0.0,18,"(0.00,0.76,724.54)","(0.00,0.00,0.00)","(0.05,0.65,718.58)"
61.72309,4,4,False,0.0,0,-,0.0,0.0,0.0,0.0,18,"(0.00,0.76,725.74)","(0.00,0.00,0.00)","(0.05,0.65,718.58)"
61.79227,4,4,False,0.0,0,-,0.0,0.0,0.0,0.0,18,"(0.00,0.76,726.64)","(0.00,0.00,0.00)","(0.05,0.65,718.58)"
61.85885,4,4,False,0.0,0,-,0.0,0.0,0.0,0.0,18,"(0.00,0.76,727.84)","(0.00,0.00,0.00)","(0.05,0.65,718.58)"
61.93265,4,4,False,0.0,0,-,0.0,0.0,0.0,0.0,18,"(0.00,0.76,728.74)","(0.00,0.00,0.00)","(0.05,0.65,718.58)"
61.99911,4,4,False,0.0,0,-,0.0,0.0,0.0,0.0,18,"(0.00,0.76,729.94)","(0.00,0.00,0.00)","(0.05,0.65,718.58)"
62.06836,4,4,False,0.0,0,-,0.0,0.0,0.0,0.0,18,"(0.00,0.76,730.84)","(0.00,0.00,0.00)","(0.05,0.65,718.58)"
62.13643,4,4,False,0.0,0,-,0.0,0.0,0.0,0.0,18,"(0.00,0.76,732.04)","(0.00,0.00,0.00)","(0.05,0.65,718.58)"
62.20389,4,4,False,0.0,0,-,0.0,0.0,0.0,0.0,18,"(0.00,0.76,732.94)","(0.00,0.00,0.00)","(0.05,0.65,718.58)"
62.26808,4,4,False,0.0,0,-,0.0,0.0,0.0,0.0,18,"(0.00,0.76,733.84)","(0.00,0.00,0.00)","(0.05,0.65,718.58)"
62.33822,4,4,False,0.0,0,-,0.0,0.0,0.0,0.0,18,"(0.00,0.76,735.04)","(0.00,0.00,0.00)","(0.05,0.65,718.58)"
62.41197,4,4,False,0.0,0,-,0.0,0.0,0.0,0.0,18,"(0.00,0.76,735.94)","(0.00,0.00,0.00)","(0.05,0.65,718.58)"
62.47513,4,4,False,0.0,0,-,0.0,0.0,0.0,0.0,18,"(0.00,0.76,737.14)","(0.00,0.00,0.00)","(0.05,0.65,718.58)"
62.54449,4,4,False,0.0,0,-,0.0,0.0,0.0,0.0,18,"(0.00,0.76,738.04)","(0.00,0.00,0.00)","(0.05,0.65,718.58)"
62.61213,4,4,False,0.0,0,-,0.0,0.0,0.0,0.0,18,"(0.00,0.76,738.94)","(0.00,0.00,0.00)","(0.05,0.65,718.58)"
62.67846,4,4,False,0.0,0,-,0.0,0.0,0.0,0.0,18,"(0.00,0.76,740.14)","(0.00,0.00,0.00)","(0.05,0.65,718.58)"
62.74104,4,4,False,0.0,0,-,0.0,0.0,0.0,0.0,18,"(0.00,0.76,741.04)","(0.00,0.00,0.00)","(0.05,0.65,718.58)"
62.80798,4,4,False,0.0,0,-,0.0,0.0,0.0,0.0,18,"(0.00,0.76,741.94)","(0.00,0.00,0.00)","(0.05,0.65,718.58)"
62.88236,4,4,False,0.0,0,-,0.0,0.0,0.0,0.0,18,"(0.00,0.76,743.14)","(0.00,0.00,0.00)","(0.05,0.65,718.58)"
62.96377,4,4,False,0.0,0,-,0.0,0.0,0.0,0.0,18,"(0.00,0.76,744.04)","(0.00,0.00,0.00)","(0.05,0.65,718.58)"
63.04133,4,4,False,0.0,0,-,0.0,0.0,0.0,0.0,18,"(0.00,0.76,745.54)","(0.00,0.00,0.00)","(0.05,0.65,718.58)"
63.10835,4,4,False,0.0,0,-,0.0,0.0,0.0,0.0,18,"(0.00,0.76,746.44)","(0.00,0.00,0.00)","(0.05,0.65,718.58)"
63.18471,4,4,False,0.0,0,-,0.0,0.0,0.0,0.0,18,"(0.00,0.76,747.64)","(0.00,0.00,0.00)","(0.05,0.65,718.58)"
63.2481,4,4,False,0.0,0,-,0.0,0.0,0.0,0.0,18,"(0.00,0.76,748.54)","(0.00,0.00,0.00)","(0.05,0.65,718.58)"
63.31209,4,4,False,0.0,0,-,0.0,0.0,0.0,0.0,18,"(0.00,0.76,749.44)","(0.00,0.00,0.00)","(0.05,0.65,718.58)"
74.58332,5,4,False,0.0,0,-,0.0,0.0,0.0,0.0,18,"(0.00,0.76,750.34)","(0.00,0.00,0.00)","(0.05,0.65,718.58)"
74.68404,5,4,False,0.0,0,-,0.0,0.0,0.0,0.0,18,"(0.00,0.76,751.84)","(0.00,0.00,0.00)","(0.05,0.65,718.58)"
74.76371,5,4,False,0.0,0,-,0.0,0.0,0.0,0.0,18,"(0.00,0.76,752.74)","(0.00,0.00,0.00)","(0.05,0.65,718.58)"
74.85362,5,4,False,0.0,0,-,0.0,0.0,0.0,0.0,18,"(0.00,0.76,754.24)","(0.00,0.00,0.00)","(0.05,0.65,718.58)"
74.93643,5,5,True,1.0,3,visual,0.0,0.0,0.0,0.0,18,"(0.00,0.76,755.44)","(0.00,0.00,0.00)","(0.05,0.65,718.58)"
75.00526,5,5,True,1.0,3,visual,0.0,0.0,0.0,0.0,18,"(0.00,0.76,756.64)","(0.00,0.00,0.00)","(0.05,0.65,718.58)"
75.07672,5,5,True,1.0,3,visual,0.0,0.0,0.0,0.0,18,"(0.00,0.76,757.54)","(0.00,0.00,0.00)","(0.05,0.65,718.58)"
75.14686,5,5,True,1.0,3,visual,0.0,0.0,0.0,0.0,18,"(0.00,0.76,758.74)","(0.00,0.00,0.00)","(0.05,0.65,718.58)"
75.20962,5,5,True,1.0,3,visual,0.0,0.0,0.0,0.0,18,"(0.00,0.76,759.64)","(0.00,0.00,0.00)","(0.05,0.65,718.58)"
75.28798,5,5,True,1.0,3,visual,0.0,0.0,0.0,0.0,18,"(0.00,0.76,760.84)","(0.00,0.00,0.00)","(0.05,0.65,718.58)"
75.36028,5,5,True,1.0,3,visual,0.0,0.0,0.0,0.0,18,"(0.00,0.76,761.74)","(0.00,0.00,0.00)","(0.05,0.65,718.58)"
75.44762,5,5,True,1.0,3,visual,0.0,0.0,0.0,0.0,19,"(0.00,0.76,763.24)","(0.00,0.00,0.00)","(-0.34,0.47,762.68)"
75.51538,5,5,True,1.0,3,visual,0.0,0.0,0.0,0.0,19,"(0.00,0.76,764.14)","(0.00,0.00,0.00)","(-0.34,0.47,762.68)"
75.58784,5,5,True,1.0,3,visual,0.0,0.0,0.0,0.0,20,"(0.00,0.76,765.34)","(0.00,0.00,0.00)","(-0.03,-0.09,764.78)"
75.66864,5,5,True,1.0,3,visual,0.0,0.0,0.0,0.0,20,"(0.00,0.76,766.54)","(0.00,0.00,0.00)","(-0.03,-0.09,764.78)"
75.75143,5,5,True,1.0,3,visual,0.0,0.0,0.0,0.0,20,"(0.00,0.76,767.74)","(0.00,0.00,0.00)","(-0.03,-0.09,764.78)"
75.82033,5,5,True,1.0,3,visual,0.0,0.0,0.0,0.0,20,"(0.00,0.76,768.64)","(0.00,0.00,0.00)","(-0.03,-0.09,764.78)"
75.89861,5,5,True,1.0,3,visual,0.0,0.0,0.0,0.0,20,"(0.00,0.76,770.14)","(0.00,0.00,0.00)","(-0.03,-0.09,764.78)"
75.96387,5,5,True,1.0,3,visual,0.0,0.0,0.0,0.0,20,"(0.00,0.76,771.04)","(0.00,0.00,0.00)","(-0.03,-0.09,764.78)"
76.04825,5,5,True,1.0,3,visual,0.0,0.0,0.0,0.0,20,"(0.00,0.76,772.24)","(0.00,0.00,0.00)","(-0.03,-0.09,764.78)"
76.11616,5,5,True,1.0,3,visual,0.0,0.0,0.0,0.0,20,"(0.00,0.76,773.14)","(0.00,0.00,0.00)","(-0.03,-0.09,764.78)"
76.20204,5,5,True,1.0,3,visual,0.0,0.0,0.0,0.0,20,"(0.00,0.76,774.64)","(0.00,0.00,0.00)","(-0.03,-0.09,764.78)"
76.27944,5,5,True,1.0,3,visual,0.0,0.0,0.0,0.0,20,"(0.00,0.76,775.54)","(0.00,0.00,0.00)","(-0.03,-0.09,764.78)"
76.34878,5,5,True,1.0,3,visual,0.0,0.0,0.0,0.0,20,"(0.00,0.76,776.74)","(0.00,0.00,0.00)","(-0.03,-0.09,764.78)"
76.41461,5,5,True,1.0,3,visual,0.0,0.0,0.0,0.0,20,"(0.00,0.76,777.64)","(0.00,0.00,0.00)","(-0.03,-0.09,764.78)"
76.50615,5,5,True,1.0,3,visual,0.0,0.0,0.0,0.0,20,"(0.00,0.76,779.14)","(0.00,0.00,0.00)","(-0.03,-0.09,764.78)"
76.57039,5,5,True,1.0,3,visual,0.0,0.0,0.0,0.0,20,"(0.00,0.76,780.04)","(0.00,0.00,0.00)","(-0.03,-0.09,764.78)"
76.64053,5,5,True,1.0,3,visual,0.0,0.0,0.0,0.0,20,"(0.00,0.76,780.94)","(0.00,0.00,0.00)","(-0.03,-0.09,764.78)"
76.70804,5,5,True,1.0,3,visual,0.0,0.0,0.0,0.0,20,"(0.00,0.76,782.14)","(0.00,0.00,0.00)","(-0.03,-0.09,764.78)"
76.77414,5,5,True,1.0,3,visual,0.0,0.0,0.0,0.0,20,"(0.00,0.76,783.04)","(0.00,0.00,0.00)","(-0.03,-0.09,764.78)"
76.83807,5,5,True,1.0,3,visual,0.0,0.0,0.0,0.0,20,"(0.00,0.76,784.24)","(0.00,0.00,0.00)","(-0.03,-0.09,764.78)"
76.90818,5,5,False,0.0,0,-,0.0,0.0,0.0,0.0,20,"(0.00,0.76,785.14)","(0.00,0.00,0.00)","(-0.03,-0.09,764.78)"
76.9757,5,5,False,0.0,0,-,0.0,0.0,0.0,0.0,20,"(0.00,0.76,786.04)","(0.00,0.00,0.00)","(-0.03,-0.09,764.78)"
77.04691,5,5,False,0.0,0,-,0.0,0.0,0.0,0.0,20,"(0.00,0.76,787.24)","(0.00,0.00,0.00)","(-0.03,-0.09,764.78)"
77.11803,5,5,False,0.0,0,-,0.0,0.0,0.0,0.0,20,"(0.00,0.76,788.44)","(0.00,0.00,0.00)","(-0.03,-0.09,764.78)"
77.18403,5,5,False,0.0,0,-,0.0,0.0,0.0,0.0,20,"(0.00,0.76,789.34)","(0.00,0.00,0.00)","(-0.03,-0.09,764.78)"
77.2569,5,5,False,0.0,0,-,0.0,0.0,0.0,0.0,21,"(0.00,0.76,790.24)","(0.00,0.00,0.00)","(-0.54,0.78,790.88)"
77.32107,5,5,False,0.0,0,-,0.0,0.0,0.0,0.0,21,"(0.00,0.76,791.44)","(0.00,0.00,0.00)","(-0.54,0.78,790.88)"
77.38356,5,5,False,0.0,0,-,0.0,0.0,0.0,0.0,21,"(0.00,0.76,792.34)","(0.00,0.00,0.00)","(-0.54,0.78,790.88)"
77.45089,5,5,False,0.0,0,-,0.0,0.0,0.0,0.0,21,"(0.00,0.76,793.24)","(0.00,0.00,0.00)","(-0.54,0.78,790.88)"
77.52092,5,5,False,0.0,0,-,0.0,0.0,0.0,0.0,21,"(0.00,0.76,794.14)","(0.00,0.00,0.00)","(-0.54,0.78,790.88)"
77.58907,5,5,False,0.0,0,-,0.0,0.0,0.0,0.0,21,"(0.00,0.76,795.34)","(0.00,0.00,0.00)","(-0.54,0.78,790.88)"
77.65433,5,5,False,0.0,0,-,0.0,0.0,0.0,0.0,21,"(0.00,0.76,796.24)","(0.00,0.00,0.00)","(-0.54,0.78,790.88)"
77.73439,5,5,False,0.0,0,-,0.0,0.0,0.0,0.0,22,"(0.00,0.76,797.44)","(0.00,0.00,0.00)","(-0.13,0.95,797.18)"
77.7994,5,5,False,0.0,0,-,0.0,0.0,0.0,0.0,22,"(0.00,0.76,798.64)","(0.00,0.00,0.00)","(-0.13,0.95,797.18)"
77.87138,5,5,False,0.0,0,-,0.0,0.0,0.0,0.0,22,"(0.00,0.76,799.54)","(0.00,0.00,0.00)","(-0.13,0.95,797.18)"
77.94196,5,5,False,0.0,0,-,0.0,0.0,0.0,0.0,22,"(0.00,0.76,800.74)","(0.00,0.00,0.00)","(-0.13,0.95,797.18)"
78.00975,5,5,False,0.0,0,-,0.0,0.0,0.0,0.0,22,"(0.00,0.76,801.64)","(0.00,0.00,0.00)","(-0.13,0.95,797.18)"
78.07674,5,5,False,0.0,0,-,0.0,0.0,0.0,0.0,22,"(0.00,0.76,802.54)","(0.00,0.00,0.00)","(-0.13,0.95,797.18)"
78.14687,5,5,False,0.0,0,-,0.0,0.0,0.0,0.0,22,"(0.00,0.76,803.74)","(0.00,0.00,0.00)","(-0.13,0.95,797.18)"
78.21571,5,5,False,0.0,0,-,0.0,0.0,0.0,0.0,22,"(0.00,0.76,804.64)","(0.00,0.00,0.00)","(-0.13,0.95,797.18)"
78.2788,5,5,False,0.0,0,-,0.0,0.0,0.0,0.0,22,"(0.00,0.76,805.54)","(0.00,0.00,0.00)","(-0.13,0.95,797.18)"
78.3468,5,5,False,0.0,0,-,0.0,0.0,0.0,0.0,22,"(0.00,0.76,806.74)","(0.00,0.00,0.00)","(-0.13,0.95,797.18)"
78.41514,5,5,False,0.0,0,-,0.0,0.0,0.0,0.0,22,"(0.00,0.76,807.64)","(0.00,0.00,0.00)","(-0.13,0.95,797.18)"
78.4875,5,5,False,0.0,0,-,0.0,0.0,0.0,0.0,22,"(0.00,0.76,808.84)","(0.00,0.00,0.00)","(-0.13,0.95,797.18)"
78.55396,5,5,False,0.0,0,-,0.0,0.0,0.0,0.0,22,"(0.00,0.76,809.74)","(0.00,0.00,0.00)","(-0.13,0.95,797.18)"
78.62301,5,5,False,0.0,0,-,0.0,0.0,0.0,0.0,22,"(0.00,0.76,810.94)","(0.00,0.00,0.00)","(-0.13,0.95,797.18)"
78.69171,5,5,False,0.0,0,-,0.0,0.0,0.0,0.0,22,"(0.00,0.76,811.84)","(0.00,0.00,0.00)","(-0.13,0.95,797.18)"
78.76054,5,5,False,0.0,0,-,0.0,0.0,0.0,0.0,22,"(0.00,0.76,813.04)","(0.00,0.00,0.00)","(-0.13,0.95,797.18)"
78.83103,5,5,False,0.0,0,-,0.0,0.0,0.0,0.0,22,"(0.00,0.76,813.94)","(0.00,0.00,0.00)","(-0.13,0.95,797.18)"
78.89846,5,5,False,0.0,0,-,0.0,0.0,0.0,0.0,22,"(0.00,0.76,814.84)","(0.00,0.00,0.00)","(-0.13,0.95,797.18)"
78.96693,5,5,False,0.0,0,-,0.0,0.0,0.0,0.0,22,"(0.00,0.76,816.04)","(0.00,0.00,0.00)","(-0.13,0.95,797.18)"
79.02826,5,5,False,0.0,0,-,0.0,0.0,0.0,0.0,22,"(0.00,0.76,816.94)","(0.00,0.00,0.00)","(-0.13,0.95,797.18)"
79.09807,5,5,False,0.0,0,-,0.0,0.0,0.0,0.0,22,"(0.00,0.76,818.14)","(0.00,0.00,0.00)","(-0.13,0.95,797.18)"
79.1674,5,5,False,0.0,0,-,0.0,0.0,0.0,0.0,22,"(0.00,0.76,819.04)","(0.00,0.00,0.00)","(-0.13,0.95,797.18)"
79.2355,5,5,False,0.0,0,-,0.0,0.0,0.0,0.0,22,"(0.00,0.76,819.94)","(0.00,0.00,0.00)","(-0.13,0.95,797.18)"
79.3029,5,5,False,0.0,0,-,0.0,0.0,0.0,0.0,22,"(0.00,0.76,821.14)","(0.00,0.00,0.00)","(-0.13,0.95,797.18)"
79.36655,5,5,False,0.0,0,-,0.0,0.0,0.0,0.0,22,"(0.00,0.76,822.04)","(0.00,0.00,0.00)","(-0.13,0.95,797.18)"
79.43437,5,5,False,0.0,0,-,0.0,0.0,0.0,0.0,22,"(0.00,0.76,822.94)","(0.00,0.00,0.00)","(-0.13,0.95,797.18)"
79.50919,5,5,False,0.0,0,-,0.0,0.0,0.0,0.0,22,"(0.00,0.76,824.14)","(0.00,0.00,0.00)","(-0.13,0.95,797.18)"
79.57704,5,5,False,0.0,0,-,0.0,0.0,0.0,0.0,22,"(0.00,0.76,825.04)","(0.00,0.00,0.00)","(-0.13,0.95,797.18)"
79.64238,5,5,False,0.0,0,-,0.0,0.0,0.0,0.0,22,"(0.00,0.76,826.24)","(0.00,0.00,0.00)","(-0.13,0.95,797.18)"
79.71471,5,5,False,0.0,0,-,0.0,0.0,0.0,0.0,22,"(0.00,0.76,827.14)","(0.00,0.00,0.00)","(-0.13,0.95,797.18)"
79.78095,5,5,False,0.0,0,-,0.0,0.0,0.0,0.0,22,"(0.00,0.76,828.34)","(0.00,0.00,0.00)","(-0.13,0.95,797.18)"
79.84889,5,5,False,0.0,0,-,0.0,0.0,0.0,0.0,22,"(0.00,0.76,829.24)","(0.00,0.00,0.00)","(-0.13,0.95,797.18)"
79.91771,5,5,False,0.0,0,-,0.0,0.0,0.0,0.0,22,"(0.00,0.76,830.44)","(0.00,0.00,0.00)","(-0.13,0.95,797.18)"
79.98308,5,5,False,0.0,0,-,0.0,0.0,0.0,0.0,22,"(0.00,0.76,831.34)","(0.00,0.00,0.00)","(-0.13,0.95,797.18)"
80.04837,5,5,False,0.0,0,-,0.0,0.0,0.0,0.0,22,"(0.00,0.76,832.24)","(0.00,0.00,0.00)","(-0.13,0.95,797.18)"
80.1224,5,5,False,0.0,0,-,0.0,0.0,0.0,0.0,22,"(0.00,0.76,833.14)","(0.00,0.00,0.00)","(-0.13,0.95,797.18)"
80.19482,5,5,False,0.0,0,-,0.0,0.0,0.0,0.0,22,"(0.00,0.76,834.34)","(0.00,0.00,0.00)","(-0.13,0.95,797.18)"
80.26253,5,5,False,0.0,0,-,0.0,0.0,0.0,0.0,22,"(0.00,0.76,835.54)","(0.00,0.00,0.00)","(-0.13,0.95,797.18)"
80.3428,5,5,False,0.0,0,-,0.0,0.0,0.0,0.0,22,"(0.00,0.76,836.74)","(0.00,0.00,0.00)","(-0.13,0.95,797.18)"
80.41179,5,5,False,0.0,0,-,0.0,0.0,0.0,0.0,22,"(0.00,0.76,837.64)","(0.00,0.00,0.00)","(-0.13,0.95,797.18)"
80.48148,5,5,False,0.0,0,-,0.0,0.0,0.0,0.0,23,"(0.00,0.76,838.84)","(0.00,0.00,0.00)","(-0.32,0.28,838.88)"
80.55405,5,5,False,0.0,0,-,0.0,0.0,0.0,0.0,23,"(0.00,0.76,839.74)","(0.00,0.00,0.00)","(-0.32,0.28,838.88)"
80.624,5,5,False,0.0,0,-,0.0,0.0,0.0,0.0,23,"(0.00,0.76,840.94)","(0.00,0.00,0.00)","(-0.32,0.28,838.88)"
80.69159,5,5,False,0.0,0,-,0.0,0.0,0.0,0.0,23,"(0.00,0.76,841.84)","(0.00,0.00,0.00)","(-0.32,0.28,838.88)"
80.76121,5,5,False,0.0,0,-,0.0,0.0,0.0,0.0,23,"(0.00,0.76,843.04)","(0.00,0.00,0.00)","(-0.32,0.28,838.88)"
80.83165,5,5,False,0.0,0,-,0.0,0.0,0.0,0.0,23,"(0.00,0.76,843.94)","(0.00,0.00,0.00)","(-0.32,0.28,838.88)"
80.90847,5,5,False,0.0,0,-,0.0,0.0,0.0,0.0,23,"(0.00,0.76,845.14)","(0.00,0.00,0.00)","(-0.32,0.28,838.88)"
80.97429,5,5,False,0.0,0,-,0.0,0.0,0.0,0.0,23,"(0.00,0.76,846.04)","(0.00,0.00,0.00)","(-0.32,0.28,838.88)"
81.04125,5,5,False,0.0,0,-,0.0,0.0,0.0,0.0,23,"(0.00,0.76,846.94)","(0.00,0.00,0.00)","(-0.32,0.28,838.88)"
81.10977,5,5,False,0.0,0,-,0.0,0.0,0.0,0.0,23,"(0.00,0.76,848.14)","(0.00,0.00,0.00)","(-0.32,0.28,838.88)"
81.17441,5,5,False,0.0,0,-,0.0,0.0,0.0,0.0,23,"(0.00,0.76,849.04)","(0.00,0.00,0.00)","(-0.32,0.28,838.88)"
81.24645,5,5,False,0.0,0,-,0.0,0.0,0.0,0.0,23,"(0.00,0.76,850.24)","(0.00,0.00,0.00)","(-0.32,0.28,838.88)"
81.31475,5,5,False,0.0,0,-,0.0,0.0,0.0,0.0,23,"(0.00,0.76,851.14)","(0.00,0.00,0.00)","(-0.32,0.28,838.88)"
81.38243,5,5,False,0.0,0,-,0.0,0.0,0.0,0.0,23,"(0.00,0.76,852.34)","(0.00,0.00,0.00)","(-0.32,0.28,838.88)"
81.45114,5,5,False,0.0,0,-,0.0,0.0,0.0,0.0,23,"(0.00,0.76,853.24)","(0.00,0.00,0.00)","(-0.32,0.28,838.88)"
81.51512,5,5,False,0.0,0,-,0.0,0.0,0.0,0.0,23,"(0.00,0.76,854.14)","(0.00,0.00,0.00)","(-0.32,0.28,838.88)"
81.58909,5,5,False,0.0,0,-,0.0,0.0,0.0,0.0,23,"(0.00,0.76,855.34)","(0.00,0.00,0.00)","(-0.32,0.28,838.88)"
81.66253,5,5,False,0.0,0,-,0.0,0.0,0.0,0.0,23,"(0.00,0.76,856.54)","(0.00,0.00,0.00)","(-0.32,0.28,838.88)"
81.72869,5,5,False,0.0,0,-,0.0,0.0,0.0,0.0,23,"(0.00,0.76,857.44)","(0.00,0.00,0.00)","(-0.32,0.28,838.88)"
81.79397,5,5,False,0.0,0,-,0.0,0.0,0.0,0.0,23,"(0.00,0.76,858.34)","(0.00,0.00,0.00)","(-0.32,0.28,838.88)"
81.8701,5,5,False,0.0,0,-,0.0,0.0,0.0,0.0,23,"(0.00,0.76,859.54)","(0.00,0.00,0.00)","(-0.32,0.28,838.88)"
81.93377,5,5,False,0.0,0,-,0.0,0.0,0.0,0.0,23,"(0.00,0.76,860.44)","(0.00,0.00,0.00)","(-0.32,0.28,838.88)"
81.9959,5,5,False,0.0,0,-,0.0,0.0,0.0,0.0,23,"(0.00,0.76,861.34)","(0.00,0.00,0.00)","(-0.32,0.28,838.88)"
82.06004,5,5,False,0.0,0,-,0.0,0.0,0.0,0.0,23,"(0.00,0.76,862.54)","(0.00,0.00,0.00)","(-0.32,0.28,838.88)"
82.13504,5,5,False,0.0,0,-,0.0,0.0,0.0,0.0,23,"(0.00,0.76,863.44)","(0.00,0.00,0.00)","(-0.32,0.28,838.88)"
82.19518,5,5,False,0.0,0,-,0.0,0.0,0.0,0.0,23,"(0.00,0.76,864.34)","(0.00,0.00,0.00)","(-0.32,0.28,838.88)"
82.26259,5,5,False,0.0,0,-,0.0,0.0,0.0,0.0,23,"(0.00,0.76,865.24)","(0.00,0.00,0.00)","(-0.32,0.28,838.88)"
82.33837,5,5,False,0.0,0,-,0.0,0.0,0.0,0.0,23,"(0.00,0.76,866.44)","(0.00,0.00,0.00)","(-0.32,0.28,838.88)"
82.40375,5,5,False,0.0,0,-,0.0,0.0,0.0,0.0,23,"(0.00,0.76,867.64)","(0.00,0.00,0.00)","(-0.32,0.28,838.88)"
82.47893,5,5,False,0.0,0,-,0.0,0.0,0.0,0.0,23,"(0.00,0.76,868.84)","(0.00,0.00,0.00)","(-0.32,0.28,838.88)"
82.54613,5,5,False,0.0,0,-,0.0,0.0,0.0,0.0,23,"(0.00,0.76,869.74)","(0.00,0.00,0.00)","(-0.32,0.28,838.88)"
82.61272,5,5,False,0.0,0,-,0.0,0.0,0.0,0.0,23,"(0.00,0.76,870.64)","(0.00,0.00,0.00)","(-0.32,0.28,838.88)"
82.6774,5,5,False,0.0,0,-,0.0,0.0,0.0,0.0,23,"(0.00,0.76,871.54)","(0.00,0.00,0.00)","(-0.32,0.28,838.88)"
82.7449,5,5,False,0.0,0,-,0.0,0.0,0.0,0.0,23,"(0.00,0.76,872.74)","(0.00,0.00,0.00)","(-0.32,0.28,838.88)"
82.81316,5,5,False,0.0,0,-,0.0,0.0,0.0,0.0,23,"(0.00,0.76,873.64)","(0.00,0.00,0.00)","(-0.32,0.28,838.88)"
82.87865,5,5,False,0.0,0,-,0.0,0.0,0.0,0.0,23,"(0.00,0.76,874.54)","(0.00,0.00,0.00)","(-0.32,0.28,838.88)"
82.95763,5,5,False,0.0,0,-,0.0,0.0,0.0,0.0,23,"(0.00,0.76,875.74)","(0.00,0.00,0.00)","(-0.32,0.28,838.88)"
83.03541,5,5,False,0.0,0,-,0.0,0.0,0.0,0.0,23,"(0.00,0.76,876.94)","(0.00,0.00,0.00)","(-0.32,0.28,838.88)"
83.10642,5,5,False,0.0,0,-,0.0,0.0,0.0,0.0,23,"(0.00,0.76,878.14)","(0.00,0.00,0.00)","(-0.32,0.28,838.88)"
83.17363,5,5,False,0.0,0,-,0.0,0.0,0.0,0.0,23,"(0.00,0.76,879.04)","(0.00,0.00,0.00)","(-0.32,0.28,838.88)"
83.24889,5,5,False,0.0,0,-,0.0,0.0,0.0,0.0,23,"(0.00,0.76,880.24)","(0.00,0.00,0.00)","(-0.32,0.28,838.88)"
83.31237,5,5,False,0.0,0,-,0.0,0.0,0.0,0.0,23,"(0.00,0.76,881.14)","(0.00,0.00,0.00)","(-0.32,0.28,838.88)"
83.37628,5,5,False,0.0,0,-,0.0,0.0,0.0,0.0,23,"(0.00,0.76,882.04)","(0.00,0.00,0.00)","(-0.32,0.28,838.88)"
83.44279,5,5,False,0.0,0,-,0.0,0.0,0.0,0.0,23,"(0.00,0.76,883.24)","(0.00,0.00,0.00)","(-0.32,0.28,838.88)"
83.51049,5,5,False,0.0,0,-,0.0,0.0,0.0,0.0,23,"(0.00,0.76,884.14)","(0.00,0.00,0.00)","(-0.32,0.28,838.88)"
83.57874,5,5,False,0.0,0,-,0.0,0.0,0.0,0.0,23,"(0.00,0.76,885.34)","(0.00,0.00,0.00)","(-0.32,0.28,838.88)"
83.65172,5,5,False,0.0,0,-,0.0,0.0,0.0,0.0,23,"(0.00,0.76,886.24)","(0.00,0.00,0.00)","(-0.32,0.28,838.88)"
83.71957,5,5,False,0.0,0,-,0.0,0.0,0.0,0.0,23,"(0.00,0.76,887.44)","(0.00,0.00,0.00)","(-0.32,0.28,838.88)"
83.79548,5,5,False,0.0,0,-,0.0,0.0,0.0,0.0,23,"(0.00,0.76,888.34)","(0.00,0.00,0.00)","(-0.32,0.28,838.88)"
83.86793,5,5,False,0.0,0,-,0.0,0.0,0.0,0.0,23,"(0.00,0.76,889.54)","(0.00,0.00,0.00)","(-0.32,0.28,838.88)"
83.93297,5,5,False,0.0,0,-,0.0,0.0,0.0,0.0,23,"(0.00,0.76,890.44)","(0.00,0.00,0.00)","(-0.32,0.28,838.88)"
84.01122,5,5,False,0.0,0,-,0.0,0.0,0.0,0.0,23,"(0.00,0.76,891.64)","(0.00,0.00,0.00)","(-0.32,0.28,838.88)"
84.07561,5,5,False,0.0,0,-,0.0,0.0,0.0,0.0,23,"(0.00,0.76,892.54)","(0.00,0.00,0.00)","(-0.32,0.28,838.88)"
84.15817,5,5,False,0.0,0,-,0.0,0.0,0.0,0.0,23,"(0.00,0.76,893.44)","(0.00,0.00,0.00)","(-0.32,0.28,838.88)"
84.2271,5,5,False,0.0,0,-,0.0,0.0,0.0,0.0,23,"(0.00,0.76,894.94)","(0.00,0.00,0.00)","(-0.32,0.28,838.88)"
84.29468,5,5,False,0.0,0,-,0.0,0.0,0.0,0.0,23,"(0.00,0.76,895.84)","(0.00,0.00,0.00)","(-0.32,0.28,838.88)"
84.36181,5,5,False,0.0,0,-,0.0,0.0,0.0,0.0,23,"(0.00,0.76,897.04)","(0.00,0.00,0.00)","(-0.32,0.28,838.88)"
84.42864,5,5,False,0.0,0,-,0.0,0.0,0.0,0.0,23,"(0.00,0.76,897.94)","(0.00,0.00,0.00)","(-0.32,0.28,838.88)"
84.4949,5,5,False,0.0,0,-,0.0,0.0,0.0,0.0,23,"(0.00,0.76,898.84)","(0.00,0.00,0.00)","(-0.32,0.28,838.88)"
84.56075,5,5,False,0.0,0,-,0.0,0.0,0.0,0.0,23,"(0.00,0.76,899.74)","(0.00,0.00,0.00)","(-0.32,0.28,838.88)"
84.64169,6,5,False,0.0,0,-,0.0,0.0,0.0,0.0,23,"(0.00,0.76,901.24)","(0.00,0.00,0.00)","(-0.32,0.28,838.88)"
84.71534,6,5,False,0.0,0,-,0.0,0.0,0.0,0.0,23,"(0.00,0.76,902.14)","(0.00,0.00,0.00)","(-0.32,0.28,838.88)"
84.79106,6,5,False,0.0,0,-,0.0,0.0,0.0,0.0,23,"(0.00,0.76,903.34)","(0.00,0.00,0.00)","(-0.32,0.28,838.88)"
84.85566,6,5,False,0.0,0,-,0.0,0.0,0.0,0.0,23,"(0.00,0.76,904.24)","(0.00,0.00,0.00)","(-0.32,0.28,838.88)"
84.93224,6,5,False,0.0,0,-,0.0,0.0,0.0,0.0,23,"(0.00,0.76,905.44)","(0.00,0.00,0.00)","(-0.32,0.28,838.88)"
84.99553,6,5,False,0.0,0,-,0.0,0.0,0.0,0.0,23,"(0.00,0.76,906.34)","(0.00,0.00,0.00)","(-0.32,0.28,838.88)"
85.06239,6,5,False,0.0,0,-,0.0,0.0,0.0,0.0,23,"(0.00,0.76,907.54)","(0.00,0.00,0.00)","(-0.32,0.28,838.88)"
85.1289,6,5,False,0.0,0,-,0.0,0.0,0.0,0.0,23,"(0.00,0.76,908.44)","(0.00,0.00,0.00)","(-0.32,0.28,838.88)"
85.19767,6,5,False,0.0,0,-,0.0,0.0,0.0,0.0,23,"(0.00,0.76,909.34)","(0.00,0.00,0.00)","(-0.32,0.28,838.88)"
85.2627,6,5,False,0.0,0,-,0.0,0.0,0.0,0.0,23,"(0.00,0.76,910.54)","(0.00,0.00,0.00)","(-0.32,0.28,838.88)"
85.33853,6,5,False,0.0,0,-,0.0,0.0,0.0,0.0,23,"(0.00,0.76,911.44)","(0.00,0.00,0.00)","(-0.32,0.28,838.88)"
85.40554,6,5,False,0.0,0,-,0.0,0.0,0.0,0.0,23,"(0.00,0.76,912.64)","(0.00,0.00,0.00)","(-0.32,0.28,838.88)"
85.4769,6,5,False,0.0,0,-,0.0,0.0,0.0,0.0,23,"(0.00,0.76,913.54)","(0.00,0.00,0.00)","(-0.32,0.28,838.88)"
85.54301,6,5,False,0.0,0,-,0.0,0.0,0.0,0.0,23,"(0.00,0.76,914.74)","(0.00,0.00,0.00)","(-0.32,0.28,838.88)"
85.61057,6,5,False,0.0,0,-,0.0,0.0,0.0,0.0,23,"(0.00,0.76,915.64)","(0.00,0.00,0.00)","(-0.32,0.28,838.88)"
85.6797,6,5,False,0.0,0,-,0.0,0.0,0.0,0.0,23,"(0.00,0.76,916.84)","(0.00,0.00,0.00)","(-0.32,0.28,838.88)"
85.74813,6,5,False,0.0,0,-,0.0,0.0,0.0,0.0,23,"(0.00,0.76,917.73)","(0.00,0.00,0.00)","(-0.32,0.28,838.88)"
85.81144,6,5,False,0.0,0,-,0.0,0.0,0.0,0.0,23,"(0.00,0.76,918.63)","(0.00,0.00,0.00)","(-0.32,0.28,838.88)"
85.87936,6,5,False,0.0,0,-,0.0,0.0,0.0,0.0,23,"(0.00,0.76,919.83)","(0.00,0.00,0.00)","(-0.32,0.28,838.88)"
85.94625,6,5,False,0.0,0,-,0.0,0.0,0.0,0.0,23,"(0.00,0.76,920.73)","(0.00,0.00,0.00)","(-0.32,0.28,838.88)"
86.01904,6,5,False,0.0,0,-,0.0,0.0,0.0,0.0,23,"(0.00,0.76,921.93)","(0.00,0.00,0.00)","(-0.32,0.28,838.88)"
86.08493,6,5,False,0.0,0,-,0.0,0.0,0.0,0.0,23,"(0.00,0.76,922.83)","(0.00,0.00,0.00)","(-0.32,0.28,838.88)"
86.15528,6,5,False,0.0,0,-,0.0,0.0,0.0,0.0,23,"(0.00,0.76,923.73)","(0.00,0.00,0.00)","(-0.32,0.28,838.88)"
86.21758,6,5,False,0.0,0,-,0.0,0.0,0.0,0.0,23,"(0.00,0.76,924.63)","(0.00,0.00,0.00)","(-0.32,0.28,838.88)"
86.2841,6,5,False,0.0,0,-,0.0,0.0,0.0,0.0,23,"(0.00,0.76,925.83)","(0.00,0.00,0.00)","(-0.32,0.28,838.88)"
86.35236,6,5,False,0.0,0,-,0.0,0.0,0.0,0.0,23,"(0.00,0.76,926.73)","(0.00,0.00,0.00)","(-0.32,0.28,838.88)"
86.41566,6,5,False,0.0,0,-,0.0,0.0,0.0,0.0,23,"(0.00,0.76,927.63)","(0.00,0.00,0.00)","(-0.32,0.28,838.88)"
86.4794,6,5,False,0.0,0,-,0.0,0.0,0.0,0.0,23,"(0.00,0.76,928.83)","(0.00,0.00,0.00)","(-0.32,0.28,838.88)"
86.54779,6,5,False,0.0,0,-,0.0,0.0,0.0,0.0,23,"(0.00,0.76,929.73)","(0.00,0.00,0.00)","(-0.32,0.28,838.88)"
86.62332,6,5,False,0.0,0,-,0.0,0.0,0.0,0.0,23,"(0.00,0.76,930.63)","(0.00,0.00,0.00)","(-0.32,0.28,838.88)"
86.70149,6,5,False,0.0,0,-,0.0,0.0,0.0,0.0,23,"(0.00,0.76,931.83)","(0.00,0.00,0.00)","(-0.32,0.28,838.88)"
86.77228,6,5,False,0.0,0,-,0.0,0.0,0.0,0.0,23,"(0.00,0.76,933.03)","(0.00,0.00,0.00)","(-0.32,0.28,838.88)"
86.84175,6,5,False,0.0,0,-,0.0,0.0,0.0,0.0,23,"(0.00,0.76,934.23)","(0.00,0.00,0.00)","(-0.32,0.28,838.88)"
86.91458,6,5,False,0.0,0,-,0.0,0.0,0.0,0.0,23,"(0.00,0.76,935.13)","(0.00,0.00,0.00)","(-0.32,0.28,838.88)"
86.9777,6,5,False,0.0,0,-,0.0,0.0,0.0,0.0,23,"(0.00,0.76,936.03)","(0.00,0.00,0.00)","(-0.32,0.28,838.88)"
87.0416,6,6,True,1.0,1,haptic,0.0,0.0,0.0,0.0,23,"(0.00,0.76,937.23)","(0.00,0.00,0.00)","(-0.32,0.28,838.88)"
87.11058,6,6,True,1.0,1,haptic,0.0,0.0,0.0,0.0,23,"(0.00,0.76,938.13)","(0.00,0.00,0.00)","(-0.32,0.28,838.88)"
87.18103,6,6,True,1.0,1,haptic,0.0,0.0,0.0,0.0,23,"(0.00,0.76,939.03)","(0.00,0.00,0.00)","(-0.32,0.28,838.88)"
87.24854,6,6,True,1.0,1,haptic,0.0,0.0,0.0,0.0,23,"(0.00,0.76,940.23)","(0.00,0.00,0.00)","(-0.32,0.28,838.88)"
87.32311,6,6,True,1.0,1,haptic,0.0,0.0,0.0,0.0,23,"(0.00,0.76,941.13)","(0.00,0.00,0.00)","(-0.32,0.28,838.88)"
87.39638,6,6,True,1.0,1,haptic,0.0,0.0,0.0,0.0,23,"(0.00,0.76,942.33)","(0.00,0.00,0.00)","(-0.32,0.28,838.88)"
87.46499,6,6,True,1.0,1,haptic,0.0,0.0,0.0,0.0,23,"(0.00,0.76,943.53)","(0.00,0.00,0.00)","(-0.32,0.28,838.88)"
87.54581,6,6,True,1.0,1,haptic,0.0,0.0,0.0,0.0,23,"(0.00,0.76,944.73)","(0.00,0.00,0.00)","(-0.32,0.28,838.88)"
87.61812,6,6,True,1.0,1,haptic,0.0,0.0,0.0,0.0,23,"(0.00,0.76,945.63)","(0.00,0.00,0.00)","(-0.32,0.28,838.88)"
87.70179,6,6,True,1.0,1,haptic,0.0,0.0,0.0,0.0,23,"(0.00,0.76,947.13)","(0.00,0.00,0.00)","(-0.32,0.28,838.88)"
87.76899,6,6,True,1.0,1,haptic,0.0,0.0,0.0,0.0,23,"(0.00,0.76,948.03)","(0.00,0.00,0.00)","(-0.32,0.28,838.88)"
87.8599,6,6,True,1.0,1,haptic,0.0,0.0,0.0,0.0,23,"(0.00,0.76,949.53)","(0.00,0.00,0.00)","(-0.32,0.28,838.88)"
87.93589,6,6,True,1.0,1,haptic,0.0,0.0,0.0,0.0,23,"(0.00,0.76,950.43)","(0.00,0.00,0.00)","(-0.32,0.28,838.88)"
88.0078,6,6,True,1.0,1,haptic,0.0,0.0,0.0,0.0,23,"(0.00,0.76,951.63)","(0.00,0.00,0.00)","(-0.32,0.28,838.88)"
88.07161,6,6,True,1.0,1,haptic,0.0,0.0,0.0,0.0,23,"(0.00,0.76,952.53)","(0.00,0.00,0.00)","(-0.32,0.28,838.88)"
88.14976,6,6,True,1.0,1,haptic,0.0,0.0,0.0,0.0,23,"(0.00,0.76,953.73)","(0.00,0.00,0.00)","(-0.32,0.28,838.88)"
88.21995,6,6,True,1.0,1,haptic,0.0,0.0,0.0,0.0,23,"(0.00,0.76,954.93)","(0.00,0.00,0.00)","(-0.32,0.28,838.88)"
88.28762,6,6,True,1.0,1,haptic,0.0,0.0,0.0,0.0,23,"(0.00,0.76,955.83)","(0.00,0.00,0.00)","(-0.32,0.28,838.88)"
88.35625,6,6,True,1.0,1,haptic,0.0,0.0,0.0,0.0,23,"(0.00,0.76,956.73)","(0.00,0.00,0.00)","(-0.32,0.28,838.88)"
88.42081,6,6,True,1.0,1,haptic,0.0,0.0,0.0,0.0,23,"(0.00,0.76,957.93)","(0.00,0.00,0.00)","(-0.32,0.28,838.88)"
88.49234,6,6,True,1.0,1,haptic,0.0,0.0,0.0,0.0,23,"(0.00,0.76,958.83)","(0.00,0.00,0.00)","(-0.32,0.28,838.88)"
88.56192,6,6,True,1.0,1,haptic,0.0,0.0,0.0,0.0,23,"(0.00,0.76,960.03)","(0.00,0.00,0.00)","(-0.32,0.28,838.88)"
88.62819,6,6,True,1.0,1,haptic,0.0,0.0,0.0,0.0,23,"(0.00,0.76,960.93)","(0.00,0.00,0.00)","(-0.32,0.28,838.88)"
88.69554,6,6,True,1.0,1,haptic,0.0,0.0,0.0,0.0,23,"(0.00,0.76,961.83)","(0.00,0.00,0.00)","(-0.32,0.28,838.88)"
88.77749,6,6,True,1.0,1,haptic,0.0,0.0,0.0,0.0,23,"(0.00,0.76,963.03)","(0.00,0.00,0.00)","(-0.32,0.28,838.88)"
88.84398,6,6,True,1.0,1,haptic,0.0,0.0,0.0,0.0,23,"(0.00,0.76,964.23)","(0.00,0.00,0.00)","(-0.32,0.28,838.88)"
88.92527,6,6,True,1.0,1,haptic,0.0,0.0,0.0,0.0,23,"(0.00,0.76,965.43)","(0.00,0.00,0.00)","(-0.32,0.28,838.88)"
88.99609,6,6,True,1.0,1,haptic,0.0,0.0,0.0,0.0,23,"(0.00,0.76,966.33)","(0.00,0.00,0.00)","(-0.32,0.28,838.88)"
89.06801,6,6,False,0.0,0,-,0.0,0.0,0.0,0.0,23,"(0.00,0.76,967.53)","(0.00,0.00,0.00)","(-0.32,0.28,838.88)"
89.14268,6,6,False,0.0,0,-,0.0,0.0,0.0,0.0,23,"(0.00,0.76,968.73)","(0.00,0.00,0.00)","(-0.32,0.28,838.88)"
89.20769,6,6,False,0.0,0,-,0.0,0.0,0.0,0.0,23,"(0.00,0.76,969.63)","(0.00,0.00,0.00)","(-0.32,0.28,838.88)"
89.2775,6,6,False,0.0,0,-,0.0,0.0,0.0,0.0,24,"(0.00,0.76,970.53)","(0.00,0.00,0.00)","(-0.47,-0.07,970.57)"
89.34969,6,6,False,0.0,0,-,0.0,0.0,0.0,0.0,24,"(0.00,0.76,971.73)","(0.00,0.00,0.00)","(-0.47,-0.07,970.57)"
89.41609,6,6,False,0.0,0,-,0.0,0.0,0.0,0.0,24,"(0.00,0.76,972.63)","(0.00,0.00,0.00)","(-0.47,-0.07,970.57)"
89.49073,6,6,False,0.0,0,-,0.0,0.0,0.0,0.0,24,"(0.00,0.76,973.53)","(0.00,0.00,0.00)","(-0.47,-0.07,970.57)"
89.56808,6,6,False,0.0,0,-,0.0,0.0,0.0,0.0,24,"(0.00,0.76,975.03)","(0.00,0.00,0.00)","(-0.47,-0.07,970.57)"
89.63878,6,6,False,0.0,0,-,0.0,0.0,0.0,0.0,24,"(0.00,0.76,975.93)","(0.00,0.00,0.00)","(-0.47,-0.07,970.57)"
89.70205,6,6,False,0.0,0,-,0.0,0.0,0.0,0.0,24,"(0.00,0.76,977.13)","(0.00,0.00,0.00)","(-0.47,-0.07,970.57)"
89.7643,6,6,False,0.0,0,-,0.0,0.0,0.0,0.0,24,"(0.00,0.76,978.03)","(0.00,0.00,0.00)","(-0.47,-0.07,970.57)"
89.83546,6,6,False,0.0,0,-,0.0,0.0,0.0,0.0,24,"(0.00,0.76,978.93)","(0.00,0.00,0.00)","(-0.47,-0.07,970.57)"
89.91192,6,6,False,0.0,0,-,0.0,0.0,0.0,0.0,24,"(0.00,0.76,980.13)","(0.00,0.00,0.00)","(-0.47,-0.07,970.57)"
89.97806,6,6,False,0.0,0,-,0.0,0.0,0.0,0.0,24,"(0.00,0.76,981.03)","(0.00,0.00,0.00)","(-0.47,-0.07,970.57)"
90.04857,6,6,False,0.0,0,-,0.0,0.0,0.0,0.0,24,"(0.00,0.76,982.23)","(0.00,0.00,0.00)","(-0.47,-0.07,970.57)"
90.11751,6,6,False,0.0,0,-,0.0,0.0,0.0,0.0,24,"(0.00,0.76,983.13)","(0.00,0.00,0.00)","(-0.47,-0.07,970.57)"
90.19429,6,6,False,0.0,0,-,0.0,0.0,0.0,0.0,24,"(0.00,0.76,984.03)","(0.00,0.00,0.00)","(-0.47,-0.07,970.57)"
90.26939,6,6,False,0.0,0,-,0.0,0.0,0.0,0.0,24,"(0.00,0.76,985.53)","(0.00,0.00,0.00)","(-0.47,-0.07,970.57)"
90.3499,6,6,False,0.0,0,-,0.0,0.0,0.0,0.0,24,"(0.00,0.76,986.73)","(0.00,0.00,0.00)","(-0.47,-0.07,970.57)"
90.43942,6,6,False,0.0,0,-,0.0,0.0,0.0,0.0,24,"(0.00,0.76,988.23)","(0.00,0.00,0.00)","(-0.47,-0.07,970.57)"
90.51018,6,6,False,0.0,0,-,0.0,0.0,0.0,0.0,24,"(0.00,0.76,989.13)","(0.00,0.00,0.00)","(-0.47,-0.07,970.57)"
90.58645,6,6,False,0.0,0,-,0.0,0.0,0.0,0.0,24,"(0.00,0.76,990.03)","(0.00,0.00,0.00)","(-0.47,-0.07,970.57)"
90.65204,6,6,False,0.0,0,-,0.0,0.0,0.0,0.0,24,"(0.00,0.76,991.23)","(0.00,0.00,0.00)","(-0.47,-0.07,970.57)"
90.74176,6,6,False,0.0,0,-,0.0,0.0,0.0,0.0,24,"(0.00,0.76,992.43)","(0.00,0.00,0.00)","(-0.47,-0.07,970.57)"
90.81228,6,6,False,0.0,0,-,0.0,0.0,0.0,0.0,24,"(0.00,0.76,993.63)","(0.00,0.00,0.00)","(-0.47,-0.07,970.57)"
90.89669,6,6,False,0.0,0,-,0.0,0.0,0.0,0.0,24,"(0.00,0.76,994.83)","(0.00,0.00,0.00)","(-0.47,-0.07,970.57)"
90.96176,6,6,False,0.0,0,-,0.0,0.0,0.0,0.0,24,"(0.00,0.76,995.73)","(0.00,0.00,0.00)","(-0.47,-0.07,970.57)"
91.02792,6,6,False,0.0,0,-,0.0,0.0,0.0,0.0,24,"(0.00,0.76,996.93)","(0.00,0.00,0.00)","(-0.47,-0.07,970.57)"
91.10895,6,6,False,0.0,0,-,0.0,0.0,0.0,0.0,24,"(0.00,0.76,998.13)","(0.00,0.00,0.00)","(-0.47,-0.07,970.57)"
91.18487,6,6,False,0.0,0,-,0.0,0.0,0.0,0.0,24,"(0.00,0.76,999.03)","(0.00,0.00,0.00)","(-0.47,-0.07,970.57)"
91.26527,6,6,False,0.0,0,-,0.0,0.0,0.0,0.0,24,"(0.00,0.76,1000.53)","(0.00,0.00,0.00)","(-0.47,-0.07,970.57)"
91.34337,6,6,False,0.0,0,-,0.0,0.0,0.0,0.0,24,"(0.00,0.76,1001.43)","(0.00,0.00,0.00)","(-0.47,-0.07,970.57)"
91.43524,6,6,False,0.0,0,-,0.0,0.0,0.0,0.0,24,"(0.00,0.76,1002.93)","(0.00,0.00,0.00)","(-0.47,-0.07,970.57)"
91.51491,6,6,False,0.0,0,-,0.0,0.0,0.0,0.0,24,"(0.00,0.76,1004.13)","(0.00,0.00,0.00)","(-0.47,-0.07,970.57)"
91.58592,6,6,False,0.0,0,-,0.0,0.0,0.0,0.0,24,"(0.00,0.76,1005.03)","(0.00,0.00,0.00)","(-0.47,-0.07,970.57)"
91.66216,6,6,False,0.0,0,-,0.0,0.0,0.0,0.0,24,"(0.00,0.76,1006.23)","(0.00,0.00,0.00)","(-0.47,-0.07,970.57)"
91.74043,6,6,False,0.0,0,-,0.0,0.0,0.0,0.0,24,"(0.00,0.76,1007.43)","(0.00,0.00,0.00)","(-0.47,-0.07,970.57)"
91.81438,6,6,False,0.0,0,-,0.0,0.0,0.0,0.0,24,"(0.00,0.76,1008.63)","(0.00,0.00,0.00)","(-0.47,-0.07,970.57)"
91.8994,6,6,False,0.0,0,-,0.0,0.0,0.0,0.0,24,"(0.00,0.76,1010.13)","(0.00,0.00,0.00)","(-0.47,-0.07,970.57)"
91.97012,6,6,False,0.0,0,-,0.0,0.0,0.0,0.0,24,"(0.00,0.76,1011.03)","(0.00,0.00,0.00)","(-0.47,-0.07,970.57)"
92.05432,6,6,False,0.0,0,-,0.0,0.0,0.0,0.0,24,"(0.00,0.76,1012.23)","(0.00,0.00,0.00)","(-0.47,-0.07,970.57)"
92.12153,6,6,False,0.0,0,-,0.0,0.0,0.0,0.0,24,"(0.00,0.76,1013.13)","(0.00,0.00,0.00)","(-0.47,-0.07,970.57)"
92.19798,6,6,False,0.0,0,-,0.0,0.0,0.0,0.0,24,"(0.00,0.76,1014.33)","(0.00,0.00,0.00)","(-0.47,-0.07,970.57)"
92.26369,6,6,False,0.0,0,-,0.0,0.0,0.0,0.0,24,"(0.00,0.76,1015.53)","(0.00,0.00,0.00)","(-0.47,-0.07,970.57)"
92.34382,6,6,False,0.0,0,-,0.0,0.0,0.0,0.0,24,"(0.00,0.76,1016.73)","(0.00,0.00,0.00)","(-0.47,-0.07,970.57)"
92.41221,6,6,False,0.0,0,-,0.0,0.0,0.0,0.0,24,"(0.00,0.76,1017.63)","(0.00,0.00,0.00)","(-0.47,-0.07,970.57)"
92.49143,6,6,False,0.0,0,-,0.0,0.0,0.0,0.0,24,"(0.00,0.76,1018.83)","(0.00,0.00,0.00)","(-0.47,-0.07,970.57)"
92.56242,6,6,False,0.0,0,-,0.0,0.0,0.0,0.0,24,"(0.00,0.76,1020.03)","(0.00,0.00,0.00)","(-0.47,-0.07,970.57)"
92.6674,6,6,False,0.0,0,-,0.0,0.0,0.0,0.0,24,"(0.00,0.76,1021.53)","(0.00,0.00,0.00)","(-0.47,-0.07,970.57)"
92.73607,6,6,False,0.0,0,-,0.0,0.0,0.0,0.0,24,"(0.00,0.76,1022.43)","(0.00,0.00,0.00)","(-0.47,-0.07,970.57)"
92.80978,6,6,False,0.0,0,-,0.0,0.0,0.0,0.0,24,"(0.00,0.76,1023.63)","(0.00,0.00,0.00)","(-0.47,-0.07,970.57)"
92.89293,6,6,False,0.0,0,-,0.0,0.0,0.0,0.0,24,"(0.00,0.76,1024.83)","(0.00,0.00,0.00)","(-0.47,-0.07,970.57)"
92.9719,6,6,False,0.0,0,-,0.0,0.0,0.0,0.0,24,"(0.00,0.76,1026.03)","(0.00,0.00,0.00)","(-0.47,-0.07,970.57)"
93.0459,6,6,False,0.0,0,-,0.0,0.0,0.0,0.0,24,"(0.00,0.76,1027.23)","(0.00,0.00,0.00)","(-0.47,-0.07,970.57)"
93.12287,6,6,False,0.0,0,-,0.0,0.0,0.0,0.0,24,"(0.00,0.76,1028.43)","(0.00,0.00,0.00)","(-0.47,-0.07,970.57)"
93.20071,6,6,False,0.0,0,-,0.0,0.0,0.0,0.0,24,"(0.00,0.76,1029.33)","(0.00,0.00,0.00)","(-0.47,-0.07,970.57)"
93.28809,6,6,False,0.0,0,-,0.0,0.0,0.0,0.0,24,"(0.00,0.76,1030.83)","(0.00,0.00,0.00)","(-0.47,-0.07,970.57)"
93.36008,6,6,False,0.0,0,-,0.0,0.0,0.0,0.0,24,"(0.00,0.76,1031.73)","(0.00,0.00,0.00)","(-0.47,-0.07,970.57)"
93.43574,6,6,False,0.0,0,-,0.0,0.0,0.0,0.0,24,"(0.00,0.76,1032.93)","(0.00,0.00,0.00)","(-0.47,-0.07,970.57)"
93.51339,6,6,False,0.0,0,-,0.0,0.0,0.0,0.0,24,"(0.00,0.76,1034.13)","(0.00,0.00,0.00)","(-0.47,-0.07,970.57)"
93.59085,6,6,False,0.0,0,-,0.0,0.0,0.0,0.0,24,"(0.00,0.76,1035.33)","(0.00,0.00,0.00)","(-0.47,-0.07,970.57)"
93.66566,6,6,False,0.0,0,-,0.0,0.0,0.0,0.0,24,"(0.00,0.76,1036.53)","(0.00,0.00,0.00)","(-0.47,-0.07,970.57)"
93.73886,6,6,False,0.0,0,-,0.0,0.0,0.0,0.0,24,"(0.00,0.76,1037.43)","(0.00,0.00,0.00)","(-0.47,-0.07,970.57)"
93.81902,6,6,False,0.0,0,-,0.0,0.0,0.0,0.0,24,"(0.00,0.76,1038.63)","(0.00,0.00,0.00)","(-0.47,-0.07,970.57)"
93.89196,6,6,False,0.0,0,-,0.0,0.0,0.0,0.0,24,"(0.00,0.76,1039.83)","(0.00,0.00,0.00)","(-0.47,-0.07,970.57)"
93.9576,6,6,False,0.0,0,-,0.0,0.0,0.0,0.0,24,"(0.00,0.76,1040.73)","(0.00,0.00,0.00)","(-0.47,-0.07,970.57)"
94.05798,6,6,False,0.0,0,-,0.0,0.0,0.0,0.0,24,"(0.00,0.76,1042.23)","(0.00,0.00,0.00)","(-0.47,-0.07,970.57)"
94.12108,6,6,False,0.0,0,-,0.0,0.0,0.0,0.0,24,"(0.00,0.76,1043.13)","(0.00,0.00,0.00)","(-0.47,-0.07,970.57)"
94.19925,6,6,False,0.0,0,-,0.0,0.0,0.0,0.0,24,"(0.00,0.76,1044.63)","(0.00,0.00,0.00)","(-0.47,-0.07,970.57)"
94.27498,6,6,False,0.0,0,-,0.0,0.0,0.0,0.0,24,"(0.00,0.76,1045.53)","(0.00,0.00,0.00)","(-0.47,-0.07,970.57)"
94.35435,6,6,False,0.0,0,-,0.0,0.0,0.0,0.0,24,"(0.00,0.76,1046.73)","(0.00,0.00,0.00)","(-0.47,-0.07,970.57)"
94.42641,6,6,False,0.0,0,-,0.0,0.0,0.0,0.0,24,"(0.00,0.76,1047.93)","(0.00,0.00,0.00)","(-0.47,-0.07,970.57)"
94.49421,6,6,False,0.0,0,-,0.0,0.0,0.0,0.0,24,"(0.00,0.76,1048.84)","(0.00,0.00,0.00)","(-0.47,-0.07,970.57)"
94.56213,6,6,False,0.0,0,-,0.0,0.0,0.0,0.0,24,"(0.00,0.76,1050.04)","(0.00,0.00,0.00)","(-0.47,-0.07,970.57)"
94.63615,7,6,False,0.0,0,-,0.0,0.0,0.0,0.0,24,"(0.00,0.76,1050.64)","(0.00,0.00,0.00)","(-0.47,-0.07,970.57)"
94.70563,7,6,False,0.0,0,-,0.0,0.0,0.0,0.0,24,"(0.00,0.76,1050.64)","(0.00,0.00,0.00)","(-0.47,-0.07,970.57)"
94.7805,7,6,False,0.0,0,-,0.0,0.0,0.0,0.0,24,"(0.00,0.76,1050.64)","(0.00,0.00,0.00)","(-0.47,-0.07,970.57)"
94.8567,7,6,False,0.0,0,-,0.0,0.0,0.0,0.0,24,"(0.00,0.76,1050.64)","(0.00,0.00,0.00)","(-0.47,-0.07,970.57)"
94.93153,7,6,False,0.0,0,-,0.0,0.0,0.0,0.0,24,"(0.00,0.76,1050.64)","(0.00,0.00,0.00)","(-0.47,-0.07,970.57)"
94.99755,7,6,False,0.0,0,-,0.0,0.0,0.0,0.0,24,"(0.00,0.76,1050.64)","(0.00,0.00,0.00)","(-0.47,-0.07,970.57)"
95.0672,7,6,False,0.0,0,-,0.0,0.0,0.0,0.0,24,"(0.00,0.76,1050.64)","(0.00,0.00,0.00)","(-0.47,-0.07,970.57)"
95.13874,7,6,False,0.0,0,-,0.0,0.0,0.0,0.0,24,"(0.00,0.76,1050.64)","(0.00,0.00,0.00)","(-0.47,-0.07,970.57)"
95.21014,7,6,False,0.0,0,-,0.0,0.0,0.0,0.0,24,"(0.00,0.76,1050.64)","(0.00,0.00,0.00)","(-0.47,-0.07,970.57)"
95.27986,7,6,False,0.0,0,-,0.0,0.0,0.0,0.0,24,"(0.00,0.76,1050.64)","(0.00,0.00,0.00)","(-0.47,-0.07,970.57)"
95.3502,7,6,False,0.0,0,-,0.0,0.0,0.0,0.0,24,"(0.00,0.76,1050.64)","(0.00,0.00,0.00)","(-0.47,-0.07,970.57)"
95.41566,7,6,False,0.0,0,-,0.0,0.0,0.0,0.0,24,"(0.00,0.76,1050.64)","(0.00,0.00,0.00)","(-0.47,-0.07,970.57)"
95.48532,7,6,False,0.0,0,-,0.0,0.0,0.0,0.0,24,"(0.00,0.76,1050.64)","(0.00,0.00,0.00)","(-0.47,-0.07,970.57)"
95.54672,7,6,False,0.0,0,-,0.0,0.0,0.0,0.0,24,"(0.00,0.76,1050.64)","(0.00,0.00,0.00)","(-0.47,-0.07,970.57)"
95.61734,7,6,False,0.0,0,-,0.0,0.0,0.0,0.0,24,"(0.00,0.76,1050.64)","(0.00,0.00,0.00)","(-0.47,-0.07,970.57)"
95.68299,7,6,False,0.0,0,-,0.0,0.0,0.0,0.0,24,"(0.00,0.76,1050.64)","(0.00,0.00,0.00)","(-0.47,-0.07,970.57)"
95.7474,7,6,False,0.0,0,-,0.0,0.0,0.0,0.0,24,"(0.00,0.76,1050.64)","(0.00,0.00,0.00)","(-0.47,-0.07,970.57)"
95.81451,7,6,False,0.0,0,-,0.0,0.0,0.0,0.0,24,"(0.00,0.76,1050.64)","(0.00,0.00,0.00)","(-0.47,-0.07,970.57)"
95.88229,7,6,False,0.0,0,-,0.0,0.0,0.0,0.0,24,"(0.00,0.76,1050.64)","(0.00,0.00,0.00)","(-0.47,-0.07,970.57)"
95.94866,7,6,False,0.0,0,-,0.0,0.0,0.0,0.0,24,"(0.00,0.76,1050.64)","(0.00,0.00,0.00)","(-0.47,-0.07,970.57)"
96.01874,7,6,False,0.0,0,-,0.0,0.0,0.0,0.0,24,"(0.00,0.76,1050.64)","(0.00,0.00,0.00)","(-0.47,-0.07,970.57)"
96.09324,7,6,False,0.0,0,-,0.0,0.0,0.0,0.0,24,"(0.00,0.76,1050.64)","(0.00,0.00,0.00)","(-0.47,-0.07,970.57)"
96.15836,7,6,False,0.0,0,-,0.0,0.0,0.0,0.0,24,"(0.00,0.76,1050.64)","(0.00,0.00,0.00)","(-0.47,-0.07,970.57)"
96.22438,7,6,False,0.0,0,-,0.0,0.0,0.0,0.0,24,"(0.00,0.76,1050.64)","(0.00,0.00,0.00)","(-0.47,-0.07,970.57)"
96.29568,7,6,False,0.0,0,-,0.0,0.0,0.0,0.0,24,"(0.00,0.76,1050.64)","(0.00,0.00,0.00)","(-0.47,-0.07,970.57)"
96.3583,7,6,False,0.0,0,-,0.0,0.0,0.0,0.0,24,"(0.00,0.76,1050.64)","(0.00,0.00,0.00)","(-0.47,-0.07,970.57)"
96.42317,7,6,False,0.0,0,-,0.0,0.0,0.0,0.0,24,"(0.00,0.76,1050.64)","(0.00,0.00,0.00)","(-0.47,-0.07,970.57)"
96.48629,7,6,False,0.0,0,-,0.0,0.0,0.0,0.0,24,"(0.00,0.76,1050.64)","(0.00,0.00,0.00)","(-0.47,-0.07,970.57)"
96.55067,7,6,False,0.0,0,-,0.0,0.0,0.0,0.0,24,"(0.00,0.76,1050.64)","(0.00,0.00,0.00)","(-0.47,-0.07,970.57)"
96.61227,7,6,False,0.0,0,-,0.0,0.0,0.0,0.0,24,"(0.00,0.76,1050.64)","(0.00,0.00,0.00)","(-0.47,-0.07,970.57)"
96.68011,7,6,False,0.0,0,-,0.0,0.0,0.0,0.0,24,"(0.00,0.76,1050.64)","(0.00,0.00,0.00)","(-0.47,-0.07,970.57)"
96.74875,7,6,False,0.0,0,-,0.0,0.0,0.0,0.0,24,"(0.00,0.76,1050.64)","(0.00,0.00,0.00)","(-0.47,-0.07,970.57)"
96.81512,7,6,False,0.0,0,-,0.0,0.0,0.0,0.0,24,"(0.00,0.76,1050.64)","(0.00,0.00,0.00)","(-0.47,-0.07,970.57)"
96.88135,7,6,False,0.0,0,-,0.0,0.0,0.0,0.0,24,"(0.00,0.76,1050.64)","(0.00,0.00,0.00)","(-0.47,-0.07,970.57)"
96.95545,7,6,False,0.0,0,-,0.0,0.0,0.0,0.0,24,"(0.00,0.76,1050.64)","(0.00,0.00,0.00)","(-0.47,-0.07,970.57)"
97.02479,7,6,False,0.0,0,-,0.0,0.0,0.0,0.0,24,"(0.00,0.76,1050.64)","(0.00,0.00,0.00)","(-0.47,-0.07,970.57)"
97.09369,7,6,False,0.0,0,-,0.0,0.0,0.0,0.0,24,"(0.00,0.76,1050.64)","(0.00,0.00,0.00)","(-0.47,-0.07,970.57)"
97.16364,7,6,False,0.0,0,-,0.0,0.0,0.0,0.0,24,"(0.00,0.76,1050.64)","(0.00,0.00,0.00)","(-0.47,-0.07,970.57)"
97.23067,7,6,False,0.0,0,-,0.0,0.0,0.0,0.0,24,"(0.00,0.76,1050.64)","(0.00,0.00,0.00)","(-0.47,-0.07,970.57)"
97.30765,7,6,False,0.0,0,-,0.0,0.0,0.0,0.0,24,"(0.00,0.76,1050.64)","(0.00,0.00,0.00)","(-0.47,-0.07,970.57)"
97.3715,7,6,False,0.0,0,-,0.0,0.0,0.0,0.0,24,"(0.00,0.76,1050.64)","(0.00,0.00,0.00)","(-0.47,-0.07,970.57)"
97.43901,7,6,False,0.0,0,-,0.0,0.0,0.0,0.0,24,"(0.00,0.76,1050.64)","(0.00,0.00,0.00)","(-0.47,-0.07,970.57)"
97.51012,7,6,False,0.0,0,-,0.0,0.0,0.0,0.0,24,"(0.00,0.76,1050.64)","(0.00,0.00,0.00)","(-0.47,-0.07,970.57)"
97.578,7,6,False,0.0,0,-,0.0,0.0,0.0,0.0,24,"(0.00,0.76,1050.64)","(0.00,0.00,0.00)","(-0.47,-0.07,970.57)"
97.64461,7,6,False,0.0,0,-,0.0,0.0,0.0,0.0,24,"(0.00,0.76,1050.64)","(0.00,0.00,0.00)","(-0.47,-0.07,970.57)"
97.7149,7,6,False,0.0,0,-,0.0,0.0,0.0,0.0,24,"(0.00,0.76,1050.64)","(0.00,0.00,0.00)","(-0.47,-0.07,970.57)"
97.78409,7,6,False,0.0,0,-,0.0,0.0,0.0,0.0,24,"(0.00,0.76,1050.64)","(0.00,0.00,0.00)","(-0.47,-0.07,970.57)"
97.85609,7,6,False,0.0,0,-,0.0,0.0,0.0,0.0,24,"(0.00,0.76,1050.64)","(0.00,0.00,0.00)","(-0.47,-0.07,970.57)"
97.92175,7,6,False,0.0,0,-,0.0,0.0,0.0,0.0,24,"(0.00,0.76,1050.64)","(0.00,0.00,0.00)","(-0.47,-0.07,970.57)"
97.98751,7,6,False,0.0,0,-,0.0,0.0,0.0,0.0,24,"(0.00,0.76,1050.64)","(0.00,0.00,0.00)","(-0.47,-0.07,970.57)"
98.0578,7,6,False,0.0,0,-,0.0,0.0,0.0,0.0,24,"(0.00,0.76,1050.64)","(0.00,0.00,0.00)","(-0.47,-0.07,970.57)"
98.12723,7,6,False,0.0,0,-,0.0,0.0,0.0,0.0,24,"(0.00,0.76,1050.64)","(0.00,0.00,0.00)","(-0.47,-0.07,970.57)"
98.19123,7,6,False,0.0,0,-,0.0,0.0,0.0,0.0,24,"(0.00,0.76,1050.64)","(0.00,0.00,0.00)","(-0.47,-0.07,970.57)"
98.25463,7,6,False,0.0,0,-,0.0,0.0,0.0,0.0,24,"(0.00,0.76,1050.64)","(0.00,0.00,0.00)","(-0.47,-0.07,970.57)"
98.31848,7,6,False,0.0,0,-,0.0,0.0,0.0,0.0,24,"(0.00,0.76,1050.64)","(0.00,0.00,0.00)","(-0.47,-0.07,970.57)"
98.38481,7,6,False,0.0,0,-,0.0,0.0,0.0,0.0,24,"(0.00,0.76,1050.64)","(0.00,0.00,0.00)","(-0.47,-0.07,970.57)"
98.45153,7,6,False,0.0,0,-,0.0,0.0,0.0,0.0,24,"(0.00,0.76,1050.64)","(0.00,0.00,0.00)","(-0.47,-0.07,970.57)"
98.5152,7,6,False,0.0,0,-,0.0,0.0,0.0,0.0,24,"(0.00,0.76,1050.64)","(0.00,0.00,0.00)","(-0.47,-0.07,970.57)"
98.58909,7,6,False,0.0,0,-,0.0,0.0,0.0,0.0,24,"(0.00,0.76,1050.64)","(0.00,0.00,0.00)","(-0.47,-0.07,970.57)"
98.65241,7,6,False,0.0,0,-,0.0,0.0,0.0,0.0,24,"(0.00,0.76,1050.64)","(0.00,0.00,0.00)","(-0.47,-0.07,970.57)"
98.71689,7,6,False,0.0,0,-,0.0,0.0,0.0,0.0,24,"(0.00,0.76,1050.64)","(0.00,0.00,0.00)","(-0.47,-0.07,970.57)"
98.78283,7,6,False,0.0,0,-,0.0,0.0,0.0,0.0,24,"(0.00,0.76,1050.64)","(0.00,0.00,0.00)","(-0.47,-0.07,970.57)"
98.84877,7,6,False,0.0,0,-,0.0,0.0,0.0,0.0,24,"(0.00,0.76,1050.64)","(0.00,0.00,0.00)","(-0.47,-0.07,970.57)"
98.9141,7,6,False,0.0,0,-,0.0,0.0,0.0,0.0,24,"(0.00,0.76,1050.64)","(0.00,0.00,0.00)","(-0.47,-0.07,970.57)"
98.98149,7,6,False,0.0,0,-,0.0,0.0,0.0,0.0,24,"(0.00,0.76,1050.64)","(0.00,0.00,0.00)","(-0.47,-0.07,970.57)"
99.04986,7,6,False,0.0,0,-,0.0,0.0,0.0,0.0,24,"(0.00,0.76,1050.64)","(0.00,0.00,0.00)","(-0.47,-0.07,970.57)"
99.11754,7,6,False,0.0,0,-,0.0,0.0,0.0,0.0,24,"(0.00,0.76,1050.64)","(0.00,0.00,0.00)","(-0.47,-0.07,970.57)"
99.18468,7,6,False,0.0,0,-,0.0,0.0,0.0,0.0,24,"(0.00,0.76,1050.64)","(0.00,0.00,0.00)","(-0.47,-0.07,970.57)"
99.2504,7,6,False,0.0,0,-,0.0,0.0,0.0,0.0,24,"(0.00,0.76,1050.64)","(0.00,0.00,0.00)","(-0.47,-0.07,970.57)"
99.31762,7,6,False,0.0,0,-,0.0,0.0,0.0,0.0,24,"(0.00,0.76,1050.64)","(0.00,0.00,0.00)","(-0.47,-0.07,970.57)"
99.38155,7,6,False,0.0,0,-,0.0,0.0,0.0,0.0,24,"(0.00,0.76,1050.64)","(0.00,0.00,0.00)","(-0.47,-0.07,970.57)"
99.44908,7,6,False,0.0,0,-,0.0,0.0,0.0,0.0,24,"(0.00,0.76,1050.64)","(0.00,0.00,0.00)","(-0.47,-0.07,970.57)"
99.51044,7,6,False,0.0,0,-,0.0,0.0,0.0,0.0,24,"(0.00,0.76,1050.64)","(0.00,0.00,0.00)","(-0.47,-0.07,970.57)"
99.58026,7,6,False,0.0,0,-,0.0,0.0,0.0,0.0,24,"(0.00,0.76,1050.64)","(0.00,0.00,0.00)","(-0.47,-0.07,970.57)"
99.6461,7,6,False,0.0,0,-,0.0,0.0,0.0,0.0,24,"(0.00,0.76,1050.64)","(0.00,0.00,0.00)","(-0.47,-0.07,970.57)"
99.71568,7,6,False,0.0,0,-,0.0,0.0,0.0,0.0,24,"(0.00,0.76,1050.64)","(0.00,0.00,0.00)","(-0.47,-0.07,970.57)"
99.78446,7,6,False,0.0,0,-,0.0,0.0,0.0,0.0,24,"(0.00,0.76,1050.64)","(0.00,0.00,0.00)","(-0.47,-0.07,970.57)"
99.84776,7,6,False,0.0,0,-,0.0,0.0,0.0,0.0,24,"(0.00,0.76,1050.64)","(0.00,0.00,0.00)","(-0.47,-0.07,970.57)"
99.91714,7,6,False,0.0,0,-,0.0,0.0,0.0,0.0,24,"(0.00,0.76,1050.64)","(0.00,0.00,0.00)","(-0.47,-0.07,970.57)"
99.98498,7,6,False,0.0,0,-,0.0,0.0,0.0,0.0,24,"(0.00,0.76,1050.64)","(0.00,0.00,0.00)","(-0.47,-0.07,970.57)"
100.049156,7,6,False,0.0,0,-,0.0,0.0,0.0,0.0,24,"(0.00,0.76,1050.64)","(0.00,0.00,0.00)","(-0.47,-0.07,970.57)"
100.114922,7,6,False,0.0,0,-,0.0,0.0,0.0,0.0,24,"(0.00,0.76,1050.64)","(0.00,0.00,0.00)","(-0.47,-0.07,970.57)"
100.183708,7,6,False,0.0,0,-,0.0,0.0,0.0,0.0,24,"(0.00,0.76,1050.64)","(0.00,0.00,0.00)","(-0.47,-0.07,970.57)"
100.247429,7,6,False,0.0,0,-,0.0,0.0,0.0,0.0,24,"(0.00,0.76,1050.64)","(0.00,0.00,0.00)","(-0.47,-0.07,970.57)"
100.313667,7,6,False,0.0,0,-,0.0,0.0,0.0,0.0,24,"(0.00,0.76,1050.64)","(0.00,0.00,0.00)","(-0.47,-0.07,970.57)"
100.378311,7,6,False,0.0,0,-,0.0,0.0,0.0,0.0,24,"(0.00,0.76,1050.64)","(0.00,0.00,0.00)","(-0.47,-0.07,970.57)"
100.440773,7,6,False,0.0,0,-,0.0,0.0,0.0,0.0,24,"(0.00,0.76,1050.64)","(0.00,0.00,0.00)","(-0.47,-0.07,970.57)"
100.508591,7,6,False,0.0,0,-,0.0,0.0,0.0,0.0,24,"(0.00,0.76,1050.64)","(0.00,0.00,0.00)","(-0.47,-0.07,970.57)"
100.57251,7,6,False,0.0,0,-,0.0,0.0,0.0,0.0,24,"(0.00,0.76,1050.64)","(0.00,0.00,0.00)","(-0.47,-0.07,970.57)"
100.633743,7,6,False,0.0,0,-,0.0,0.0,0.0,0.0,24,"(0.00,0.76,1050.64)","(0.00,0.00,0.00)","(-0.47,-0.07,970.57)"
100.699257,7,6,False,0.0,0,-,0.0,0.0,0.0,0.0,24,"(0.00,0.76,1050.64)","(0.00,0.00,0.00)","(-0.47,-0.07,970.57)"
100.760292,7,6,False,0.0,0,-,0.0,0.0,0.0,0.0,24,"(0.00,0.76,1050.64)","(0.00,0.00,0.00)","(-0.47,-0.07,970.57)"
100.830208,7,6,False,0.0,0,-,0.0,0.0,0.0,0.0,24,"(0.00,0.76,1050.64)","(0.00,0.00,0.00)","(-0.47,-0.07,970.57)"
100.899529,7,6,False,0.0,0,-,0.0,0.0,0.0,0.0,24,"(0.00,0.76,1050.64)","(0.00,0.00,0.00)","(-0.47,-0.07,970.57)"
100.967377,7,6,False,0.0,0,-,0.0,0.0,0.0,0.0,24,"(0.00,0.76,1050.64)","(0.00,0.00,0.00)","(-0.47,-0.07,970.57)"
101.04055,7,6,False,0.0,0,-,0.0,0.0,0.0,0.0,24,"(0.00,0.76,1050.64)","(0.00,0.00,0.00)","(-0.47,-0.07,970.57)"
101.108017,7,6,False,0.0,0,-,0.0,0.0,0.0,0.0,24,"(0.00,0.76,1050.64)","(0.00,0.00,0.00)","(-0.47,-0.07,970.57)"
101.171951,7,6,False,0.0,0,-,0.0,0.0,0.0,0.0,24,"(0.00,0.76,1050.64)","(0.00,0.00,0.00)","(-0.47,-0.07,970.57)"
101.24353,7,6,False,0.0,0,-,0.0,0.0,0.0,0.0,24,"(0.00,0.76,1050.64)","(0.00,0.00,0.00)","(-0.47,-0.07,970.57)"
101.309082,7,6,False,0.0,0,-,0.0,0.0,0.0,0.0,24,"(0.00,0.76,1050.64)","(0.00,0.00,0.00)","(-0.47,-0.07,970.57)"
101.373619,7,6,False,0.0,0,-,0.0,0.0,0.0,0.0,24,"(0.00,0.76,1050.64)","(0.00,0.00,0.00)","(-0.47,-0.07,970.57)"
101.440392,7,6,False,0.0,0,-,0.0,0.0,0.0,0.0,24,"(0.00,0.76,1050.64)","(0.00,0.00,0.00)","(-0.47,-0.07,970.57)"
101.506416,7,6,False,0.0,0,-,0.0,0.0,0.0,0.0,24,"(0.00,0.76,1050.64)","(0.00,0.00,0.00)","(-0.47,-0.07,970.57)"
101.576149,7,6,False,0.0,0,-,0.0,0.0,0.0,0.0,24,"(0.00,0.76,1050.64)","(0.00,0.00,0.00)","(-0.47,-0.07,970.57)"
101.641792,7,6,False,0.0,0,-,0.0,0.0,0.0,0.0,24,"(0.00,0.76,1050.64)","(0.00,0.00,0.00)","(-0.47,-0.07,970.57)"
101.71035,7,6,False,0.0,0,-,0.0,0.0,0.0,0.0,24,"(0.00,0.76,1050.64)","(0.00,0.00,0.00)","(-0.47,-0.07,970.57)"
101.77874,7,6,False,0.0,0,-,0.0,0.0,0.0,0.0,24,"(0.00,0.76,1050.64)","(0.00,0.00,0.00)","(-0.47,-0.07,970.57)"
101.845238,7,6,False,0.0,0,-,0.0,0.0,0.0,0.0,24,"(0.00,0.76,1050.64)","(0.00,0.00,0.00)","(-0.47,-0.07,970.57)"
101.9098,7,6,False,0.0,0,-,0.0,0.0,0.0,0.0,24,"(0.00,0.76,1050.64)","(0.00,0.00,0.00)","(-0.47,-0.07,970.57)"
101.973541,7,6,False,0.0,0,-,0.0,0.0,0.0,0.0,24,"(0.00,0.76,1050.64)","(0.00,0.00,0.00)","(-0.47,-0.07,970.57)"
102.046951,7,6,False,0.0,0,-,0.0,0.0,0.0,0.0,24,"(0.00,0.76,1050.64)","(0.00,0.00,0.00)","(-0.47,-0.07,970.57)"
102.115692,7,6,False,0.0,0,-,0.0,0.0,0.0,0.0,24,"(0.00,0.76,1050.64)","(0.00,0.00,0.00)","(-0.47,-0.07,970.57)"
102.18383,7,6,False,0.0,0,-,0.0,0.0,0.0,0.0,24,"(0.00,0.76,1050.64)","(0.00,0.00,0.00)","(-0.47,-0.07,970.57)"
102.253242,7,6,False,0.0,0,-,0.0,0.0,0.0,0.0,24,"(0.00,0.76,1050.64)","(0.00,0.00,0.00)","(-0.47,-0.07,970.57)"
102.323174,7,6,False,0.0,0,-,0.0,0.0,0.0,0.0,24,"(0.00,0.76,1050.64)","(0.00,0.00,0.00)","(-0.47,-0.07,970.57)"
102.3876,7,6,False,0.0,0,-,0.0,0.0,0.0,0.0,24,"(0.00,0.76,1050.64)","(0.00,0.00,0.00)","(-0.47,-0.07,970.57)"
102.458961,7,6,False,0.0,0,-,0.0,0.0,0.0,0.0,24,"(0.00,0.76,1050.64)","(0.00,0.00,0.00)","(-0.47,-0.07,970.57)"
102.521751,7,6,False,0.0,0,-,0.0,0.0,0.0,0.0,24,"(0.00,0.76,1050.64)","(0.00,0.00,0.00)","(-0.47,-0.07,970.57)"
102.588409,7,6,False,0.0,0,-,0.0,0.0,0.0,0.0,24,"(0.00,0.76,1050.64)","(0.00,0.00,0.00)","(-0.47,-0.07,970.57)"
102.653168,7,6,False,0.0,0,-,0.0,0.0,0.0,0.0,24,"(0.00,0.76,1050.64)","(0.00,0.00,0.00)","(-0.47,-0.07,970.57)"
102.720886,7,6,False,0.0,0,-,0.0,0.0,0.0,0.0,24,"(0.00,0.76,1050.64)","(0.00,0.00,0.00)","(-0.47,-0.07,970.57)"
102.785988,7,6,False,0.0,0,-,0.0,0.0,0.0,0.0,24,"(0.00,0.76,1050.64)","(0.00,0.00,0.00)","(-0.47,-0.07,970.57)"
102.860924,7,6,False,0.0,0,-,0.0,0.0,0.0,0.0,24,"(0.00,0.76,1050.64)","(0.00,0.00,0.00)","(-0.47,-0.07,970.57)"
102.928123,7,6,False,0.0,0,-,0.0,0.0,0.0,0.0,24,"(0.00,0.76,1050.64)","(0.00,0.00,0.00)","(-0.47,-0.07,970.57)"
102.997841,7,6,False,0.0,0,-,0.0,0.0,0.0,0.0,24,"(0.00,0.76,1050.64)","(0.00,0.00,0.00)","(-0.47,-0.07,970.57)"
103.071114,7,6,False,0.0,0,-,0.0,0.0,0.0,0.0,24,"(0.00,0.76,1050.64)","(0.00,0.00,0.00)","(-0.47,-0.07,970.57)"
103.138351,7,6,False,0.0,0,-,0.0,0.0,0.0,0.0,24,"(0.00,0.76,1050.64)","(0.00,0.00,0.00)","(-0.47,-0.07,970.57)"
103.203568,7,6,False,0.0,0,-,0.0,0.0,0.0,0.0,24,"(0.00,0.76,1050.64)","(0.00,0.00,0.00)","(-0.47,-0.07,970.57)"
103.270332,7,6,False,0.0,0,-,0.0,0.0,0.0,0.0,24,"(0.00,0.76,1050.64)","(0.00,0.00,0.00)","(-0.47,-0.07,970.57)"
103.334557,7,6,False,0.0,0,-,0.0,0.0,0.0,0.0,24,"(0.00,0.76,1050.64)","(0.00,0.00,0.00)","(-0.47,-0.07,970.57)"
103.402687,7,6,False,0.0,0,-,0.0,0.0,0.0,0.0,24,"(0.00,0.76,1050.64)","(0.00,0.00,0.00)","(-0.47,-0.07,970.57)"
103.472862,7,6,False,0.0,0,-,0.0,0.0,0.0,0.0,24,"(0.00,0.76,1050.64)","(0.00,0.00,0.00)","(-0.47,-0.07,970.57)"
103.538177,7,6,False,0.0,0,-,0.0,0.0,0.0,0.0,24,"(0.00,0.76,1050.64)","(0.00,0.00,0.00)","(-0.47,-0.07,970.57)"
103.60453,7,6,False,0.0,0,-,0.0,0.0,0.0,0.0,24,"(0.00,0.76,1050.64)","(0.00,0.00,0.00)","(-0.47,-0.07,970.57)"
103.671852,7,6,False,0.0,0,-,0.0,0.0,0.0,0.0,24,"(0.00,0.76,1050.64)","(0.00,0.00,0.00)","(-0.47,-0.07,970.57)"
103.738129,7,6,False,0.0,0,-,0.0,0.0,0.0,0.0,24,"(0.00,0.76,1050.64)","(0.00,0.00,0.00)","(-0.47,-0.07,970.57)"
103.800819,7,6,False,0.0,0,-,0.0,0.0,0.0,0.0,24,"(0.00,0.76,1050.64)","(0.00,0.00,0.00)","(-0.47,-0.07,970.57)"
103.86409,7,6,False,0.0,0,-,0.0,0.0,0.0,0.0,24,"(0.00,0.76,1050.64)","(0.00,0.00,0.00)","(-0.47,-0.07,970.57)"
103.930351,7,6,False,0.0,0,-,0.0,0.0,0.0,0.0,24,"(0.00,0.76,1050.64)","(0.00,0.00,0.00)","(-0.47,-0.07,970.57)"
103.9983,7,6,False,0.0,0,-,0.0,0.0,0.0,0.0,24,"(0.00,0.76,1050.64)","(0.00,0.00,0.00)","(-0.47,-0.07,970.57)"
104.064819,7,6,False,0.0,0,-,0.0,0.0,0.0,0.0,24,"(0.00,0.76,1050.64)","(0.00,0.00,0.00)","(-0.47,-0.07,970.57)"
104.129807,7,6,False,0.0,0,-,0.0,0.0,0.0,0.0,24,"(0.00,0.76,1050.64)","(0.00,0.00,0.00)","(-0.47,-0.07,970.57)"
104.19857,7,6,False,0.0,0,-,0.0,0.0,0.0,0.0,24,"(0.00,0.76,1050.64)","(0.00,0.00,0.00)","(-0.47,-0.07,970.57)"
104.264481,7,6,False,0.0,0,-,0.0,0.0,0.0,0.0,24,"(0.00,0.76,1050.64)","(0.00,0.00,0.00)","(-0.47,-0.07,970.57)"
104.332008,7,6,False,0.0,0,-,0.0,0.0,0.0,0.0,24,"(0.00,0.76,1050.64)","(0.00,0.00,0.00)","(-0.47,-0.07,970.57)"
104.39624,7,6,False,0.0,0,-,0.0,0.0,0.0,0.0,24,"(0.00,0.76,1050.64)","(0.00,0.00,0.00)","(-0.47,-0.07,970.57)"
104.464142,7,6,False,0.0,0,-,0.0,0.0,0.0,0.0,24,"(0.00,0.76,1050.64)","(0.00,0.00,0.00)","(-0.47,-0.07,970.57)"
104.533043,7,6,False,0.0,0,-,0.0,0.0,0.0,0.0,24,"(0.00,0.76,1050.64)","(0.00,0.00,0.00)","(-0.47,-0.07,970.57)"
104.602661,7,6,False,0.0,0,-,0.0,0.0,0.0,0.0,24,"(0.00,0.76,1050.64)","(0.00,0.00,0.00)","(-0.47,-0.07,970.57)"
104.66925,7,6,False,0.0,0,-,0.0,0.0,0.0,0.0,24,"(0.00,0.76,1050.64)","(0.00,0.00,0.00)","(-0.47,-0.07,970.57)"
104.73777,7,6,False,0.0,0,-,0.0,0.0,0.0,0.0,24,"(0.00,0.76,1050.64)","(0.00,0.00,0.00)","(-0.47,-0.07,970.57)"
104.803131,7,6,False,0.0,0,-,0.0,0.0,0.0,0.0,24,"(0.00,0.76,1050.64)","(0.00,0.00,0.00)","(-0.47,-0.07,970.57)"
104.869293,7,6,False,0.0,0,-,0.0,0.0,0.0,0.0,24,"(0.00,0.76,1050.64)","(0.00,0.00,0.00)","(-0.47,-0.07,970.57)"
104.937332,7,6,False,0.0,0,-,0.0,0.0,0.0,0.0,24,"(0.00,0.76,1050.64)","(0.00,0.00,0.00)","(-0.47,-0.07,970.57)"
105.002083,7,6,False,0.0,0,-,0.0,0.0,0.0,0.0,24,"(0.00,0.76,1050.64)","(0.00,0.00,0.00)","(-0.47,-0.07,970.57)"
105.069519,7,6,False,0.0,0,-,0.0,0.0,0.0,0.0,24,"(0.00,0.76,1050.64)","(0.00,0.00,0.00)","(-0.47,-0.07,970.57)"
105.133728,7,6,False,0.0,0,-,0.0,0.0,0.0,0.0,24,"(0.00,0.76,1050.64)","(0.00,0.00,0.00)","(-0.47,-0.07,970.57)"
105.197678,7,6,False,0.0,0,-,0.0,0.0,0.0,0.0,24,"(0.00,0.76,1050.64)","(0.00,0.00,0.00)","(-0.47,-0.07,970.57)"
105.265793,7,6,False,0.0,0,-,0.0,0.0,0.0,0.0,24,"(0.00,0.76,1050.64)","(0.00,0.00,0.00)","(-0.47,-0.07,970.57)"
105.329742,7,6,False,0.0,0,-,0.0,0.0,0.0,0.0,24,"(0.00,0.76,1050.64)","(0.00,0.00,0.00)","(-0.47,-0.07,970.57)"
105.398552,7,6,False,0.0,0,-,0.0,0.0,0.0,0.0,24,"(0.00,0.76,1050.64)","(0.00,0.00,0.00)","(-0.47,-0.07,970.57)"
105.459938,7,6,False,0.0,0,-,0.0,0.0,0.0,0.0,24,"(0.00,0.76,1050.64)","(0.00,0.00,0.00)","(-0.47,-0.07,970.57)"
105.528122,7,6,False,0.0,0,-,0.0,0.0,0.0,0.0,24,"(0.00,0.76,1050.64)","(0.00,0.00,0.00)","(-0.47,-0.07,970.57)"
105.597717,7,6,False,0.0,0,-,0.0,0.0,0.0,0.0,24,"(0.00,0.76,1050.64)","(0.00,0.00,0.00)","(-0.47,-0.07,970.57)"
105.660957,7,6,False,0.0,0,-,0.0,0.0,0.0,0.0,24,"(0.00,0.76,1050.64)","(0.00,0.00,0.00)","(-0.47,-0.07,970.57)"
105.726089,7,6,False,0.0,0,-,0.0,0.0,0.0,0.0,24,"(0.00,0.76,1050.64)","(0.00,0.00,0.00)","(-0.47,-0.07,970.57)"
105.791481,7,6,False,0.0,0,-,0.0,0.0,0.0,0.0,24,"(0.00,0.76,1050.64)","(0.00,0.00,0.00)","(-0.47,-0.07,970.57)"
105.8626,7,6,False,0.0,0,-,0.0,0.0,0.0,0.0,24,"(0.00,0.76,1050.64)","(0.00,0.00,0.00)","(-0.47,-0.07,970.57)"
105.9297,7,6,False,0.0,0,-,0.0,0.0,0.0,0.0,24,"(0.00,0.76,1050.64)","(0.00,0.00,0.00)","(-0.47,-0.07,970.57)"
105.998047,7,6,False,0.0,0,-,0.0,0.0,0.0,0.0,24,"(0.00,0.76,1050.64)","(0.00,0.00,0.00)","(-0.47,-0.07,970.57)"
106.062149,7,6,False,0.0,0,-,0.0,0.0,0.0,0.0,24,"(0.00,0.76,1050.64)","(0.00,0.00,0.00)","(-0.47,-0.07,970.57)"
106.13298,7,6,False,0.0,0,-,0.0,0.0,0.0,0.0,24,"(0.00,0.76,1050.64)","(0.00,0.00,0.00)","(-0.47,-0.07,970.57)"
106.196747,7,6,False,0.0,0,-,0.0,0.0,0.0,0.0,24,"(0.00,0.76,1050.64)","(0.00,0.00,0.00)","(-0.47,-0.07,970.57)"
106.264717,7,6,False,0.0,0,-,0.0,0.0,0.0,0.0,24,"(0.00,0.76,1050.64)","(0.00,0.00,0.00)","(-0.47,-0.07,970.57)"
106.34005,7,6,False,0.0,0,-,0.0,0.0,0.0,0.0,24,"(0.00,0.76,1050.64)","(0.00,0.00,0.00)","(-0.47,-0.07,970.57)"
106.40625,7,6,False,0.0,0,-,0.0,0.0,0.0,0.0,24,"(0.00,0.76,1050.64)","(0.00,0.00,0.00)","(-0.47,-0.07,970.57)"
106.47316,7,6,False,0.0,0,-,0.0,0.0,0.0,0.0,24,"(0.00,0.76,1050.64)","(0.00,0.00,0.00)","(-0.47,-0.07,970.57)"
106.538918,7,6,False,0.0,0,-,0.0,0.0,0.0,0.0,24,"(0.00,0.76,1050.64)","(0.00,0.00,0.00)","(-0.47,-0.07,970.57)"
106.6066,7,6,False,0.0,0,-,0.0,0.0,0.0,0.0,24,"(0.00,0.76,1050.64)","(0.00,0.00,0.00)","(-0.47,-0.07,970.57)"
106.677773,7,6,False,0.0,0,-,0.0,0.0,0.0,0.0,24,"(0.00,0.76,1050.64)","(0.00,0.00,0.00)","(-0.47,-0.07,970.57)"
106.742813,7,6,False,0.0,0,-,0.0,0.0,0.0,0.0,24,"(0.00,0.76,1050.64)","(0.00,0.00,0.00)","(-0.47,-0.07,970.57)"
106.812241,7,6,False,0.0,0,-,0.0,0.0,0.0,0.0,24,"(0.00,0.76,1050.64)","(0.00,0.00,0.00)","(-0.47,-0.07,970.57)"
106.878708,7,6,False,0.0,0,-,0.0,0.0,0.0,0.0,24,"(0.00,0.76,1050.64)","(0.00,0.00,0.00)","(-0.47,-0.07,970.57)"
106.944809,7,6,False,0.0,0,-,0.0,0.0,0.0,0.0,24,"(0.00,0.76,1050.64)","(0.00,0.00,0.00)","(-0.47,-0.07,970.57)"
107.014038,7,6,False,0.0,0,-,0.0,0.0,0.0,0.0,24,"(0.00,0.76,1050.64)","(0.00,0.00,0.00)","(-0.47,-0.07,970.57)"
107.084976,7,6,False,0.0,0,-,0.0,0.0,0.0,0.0,24,"(0.00,0.76,1050.64)","(0.00,0.00,0.00)","(-0.47,-0.07,970.57)"
107.147293,7,6,False,0.0,0,-,0.0,0.0,0.0,0.0,24,"(0.00,0.76,1050.64)","(0.00,0.00,0.00)","(-0.47,-0.07,970.57)"
107.210739,7,6,False,0.0,0,-,0.0,0.0,0.0,0.0,24,"(0.00,0.76,1050.64)","(0.00,0.00,0.00)","(-0.47,-0.07,970.57)"
107.275414,7,6,False,0.0,0,-,0.0,0.0,0.0,0.0,24,"(0.00,0.76,1050.64)","(0.00,0.00,0.00)","(-0.47,-0.07,970.57)"
107.341721,7,6,False,0.0,0,-,0.0,0.0,0.0,0.0,24,"(0.00,0.76,1050.64)","(0.00,0.00,0.00)","(-0.47,-0.07,970.57)"
107.405441,7,6,False,0.0,0,-,0.0,0.0,0.0,0.0,24,"(0.00,0.76,1050.64)","(0.00,0.00,0.00)","(-0.47,-0.07,970.57)"
107.473312,7,6,False,0.0,0,-,0.0,0.0,0.0,0.0,24,"(0.00,0.76,1050.64)","(0.00,0.00,0.00)","(-0.47,-0.07,970.57)"
107.544952,7,6,False,0.0,0,-,0.0,0.0,0.0,0.0,24,"(0.00,0.76,1050.64)","(0.00,0.00,0.00)","(-0.47,-0.07,970.57)"
107.608589,7,6,False,0.0,0,-,0.0,0.0,0.0,0.0,24,"(0.00,0.76,1050.64)","(0.00,0.00,0.00)","(-0.47,-0.07,970.57)"
107.67363,7,6,False,0.0,0,-,0.0,0.0,0.0,0.0,24,"(0.00,0.76,1050.64)","(0.00,0.00,0.00)","(-0.47,-0.07,970.57)"
107.741341,7,6,False,0.0,0,-,0.0,0.0,0.0,0.0,24,"(0.00,0.76,1050.64)","(0.00,0.00,0.00)","(-0.47,-0.07,970.57)"
107.80986,7,6,False,0.0,0,-,0.0,0.0,0.0,0.0,24,"(0.00,0.76,1050.64)","(0.00,0.00,0.00)","(-0.47,-0.07,970.57)"
107.878838,7,6,False,0.0,0,-,0.0,0.0,0.0,0.0,24,"(0.00,0.76,1050.64)","(0.00,0.00,0.00)","(-0.47,-0.07,970.57)"
107.946968,7,6,False,0.0,0,-,0.0,0.0,0.0,0.0,24,"(0.00,0.76,1050.64)","(0.00,0.00,0.00)","(-0.47,-0.07,970.57)"
108.013924,7,6,False,0.0,0,-,0.0,0.0,0.0,0.0,24,"(0.00,0.76,1050.64)","(0.00,0.00,0.00)","(-0.47,-0.07,970.57)"
108.081841,7,6,False,0.0,0,-,0.0,0.0,0.0,0.0,24,"(0.00,0.76,1050.64)","(0.00,0.00,0.00)","(-0.47,-0.07,970.57)"
108.1483,7,6,False,0.0,0,-,0.0,0.0,0.0,0.0,24,"(0.00,0.76,1050.64)","(0.00,0.00,0.00)","(-0.47,-0.07,970.57)"
108.213272,7,6,False,0.0,0,-,0.0,0.0,0.0,0.0,24,"(0.00,0.76,1050.64)","(0.00,0.00,0.00)","(-0.47,-0.07,970.57)"
108.2803,7,6,False,0.0,0,-,0.0,0.0,0.0,0.0,24,"(0.00,0.76,1050.64)","(0.00,0.00,0.00)","(-0.47,-0.07,970.57)"
108.34729,7,6,False,0.0,0,-,0.0,0.0,0.0,0.0,24,"(0.00,0.76,1050.64)","(0.00,0.00,0.00)","(-0.47,-0.07,970.57)"
108.414177,7,6,False,0.0,0,-,0.0,0.0,0.0,0.0,24,"(0.00,0.76,1050.64)","(0.00,0.00,0.00)","(-0.47,-0.07,970.57)"
108.48243,7,6,False,0.0,0,-,0.0,0.0,0.0,0.0,24,"(0.00,0.76,1050.64)","(0.00,0.00,0.00)","(-0.47,-0.07,970.57)"
108.547928,7,6,False,0.0,0,-,0.0,0.0,0.0,0.0,24,"(0.00,0.76,1050.64)","(0.00,0.00,0.00)","(-0.47,-0.07,970.57)"
108.609039,7,6,False,0.0,0,-,0.0,0.0,0.0,0.0,24,"(0.00,0.76,1050.64)","(0.00,0.00,0.00)","(-0.47,-0.07,970.57)"
108.680649,7,6,False,0.0,0,-,0.0,0.0,0.0,0.0,24,"(0.00,0.76,1050.64)","(0.00,0.00,0.00)","(-0.47,-0.07,970.57)"
108.751122,7,6,False,0.0,0,-,0.0,0.0,0.0,0.0,24,"(0.00,0.76,1050.64)","(0.00,0.00,0.00)","(-0.47,-0.07,970.57)"
108.819122,7,6,False,0.0,0,-,0.0,0.0,0.0,0.0,24,"(0.00,0.76,1050.64)","(0.00,0.00,0.00)","(-0.47,-0.07,970.57)"
108.88488,7,6,False,0.0,0,-,0.0,0.0,0.0,0.0,24,"(0.00,0.76,1050.64)","(0.00,0.00,0.00)","(-0.47,-0.07,970.57)"
108.95208,7,6,False,0.0,0,-,0.0,0.0,0.0,0.0,24,"(0.00,0.76,1050.64)","(0.00,0.00,0.00)","(-0.47,-0.07,970.57)"
109.022339,7,6,False,0.0,0,-,0.0,0.0,0.0,0.0,24,"(0.00,0.76,1050.64)","(0.00,0.00,0.00)","(-0.47,-0.07,970.57)"
109.08596,7,6,False,0.0,0,-,0.0,0.0,0.0,0.0,24,"(0.00,0.76,1050.64)","(0.00,0.00,0.00)","(-0.47,-0.07,970.57)"
109.149979,7,6,False,0.0,0,-,0.0,0.0,0.0,0.0,24,"(0.00,0.76,1050.64)","(0.00,0.00,0.00)","(-0.47,-0.07,970.57)"
109.217957,7,6,False,0.0,0,-,0.0,0.0,0.0,0.0,24,"(0.00,0.76,1050.64)","(0.00,0.00,0.00)","(-0.47,-0.07,970.57)"
109.283928,7,6,False,0.0,0,-,0.0,0.0,0.0,0.0,24,"(0.00,0.76,1050.64)","(0.00,0.00,0.00)","(-0.47,-0.07,970.57)"
109.349731,7,6,False,0.0,0,-,0.0,0.0,0.0,0.0,24,"(0.00,0.76,1050.64)","(0.00,0.00,0.00)","(-0.47,-0.07,970.57)"
109.413269,7,6,False,0.0,0,-,0.0,0.0,0.0,0.0,24,"(0.00,0.76,1050.64)","(0.00,0.00,0.00)","(-0.47,-0.07,970.57)"
109.481827,7,6,False,0.0,0,-,0.0,0.0,0.0,0.0,24,"(0.00,0.76,1050.64)","(0.00,0.00,0.00)","(-0.47,-0.07,970.57)"
109.543648,7,6,False,0.0,0,-,0.0,0.0,0.0,0.0,24,"(0.00,0.76,1050.64)","(0.00,0.00,0.00)","(-0.47,-0.07,970.57)"
109.61515,7,6,False,0.0,0,-,0.0,0.0,0.0,0.0,24,"(0.00,0.76,1050.64)","(0.00,0.00,0.00)","(-0.47,-0.07,970.57)"
109.681107,7,6,False,0.0,0,-,0.0,0.0,0.0,0.0,24,"(0.00,0.76,1050.64)","(0.00,0.00,0.00)","(-0.47,-0.07,970.57)"
109.749573,7,6,False,0.0,0,-,0.0,0.0,0.0,0.0,24,"(0.00,0.76,1050.64)","(0.00,0.00,0.00)","(-0.47,-0.07,970.57)"
109.8138,7,6,False,0.0,0,-,0.0,0.0,0.0,0.0,24,"(0.00,0.76,1050.64)","(0.00,0.00,0.00)","(-0.47,-0.07,970.57)"
109.874046,7,6,False,0.0,0,-,0.0,0.0,0.0,0.0,24,"(0.00,0.76,1050.64)","(0.00,0.00,0.00)","(-0.47,-0.07,970.57)"
109.937752,7,6,False,0.0,0,-,0.0,0.0,0.0,0.0,24,"(0.00,0.76,1050.64)","(0.00,0.00,0.00)","(-0.47,-0.07,970.57)"
110.002533,7,6,False,0.0,0,-,0.0,0.0,0.0,0.0,24,"(0.00,0.76,1050.64)","(0.00,0.00,0.00)","(-0.47,-0.07,970.57)"
110.068733,7,6,False,0.0,0,-,0.0,0.0,0.0,0.0,24,"(0.00,0.76,1050.64)","(0.00,0.00,0.00)","(-0.47,-0.07,970.57)"
110.134972,7,6,False,0.0,0,-,0.0,0.0,0.0,0.0,24,"(0.00,0.76,1050.64)","(0.00,0.00,0.00)","(-0.47,-0.07,970.57)"
110.200706,7,6,False,0.0,0,-,0.0,0.0,0.0,0.0,24,"(0.00,0.76,1050.64)","(0.00,0.00,0.00)","(-0.47,-0.07,970.57)"
110.271584,7,6,False,0.0,0,-,0.0,0.0,0.0,0.0,24,"(0.00,0.76,1050.64)","(0.00,0.00,0.00)","(-0.47,-0.07,970.57)"
110.339607,7,6,False,0.0,0,-,0.0,0.0,0.0,0.0,24,"(0.00,0.76,1050.64)","(0.00,0.00,0.00)","(-0.47,-0.07,970.57)"
110.405548,7,6,False,0.0,0,-,0.0,0.0,0.0,0.0,24,"(0.00,0.76,1050.64)","(0.00,0.00,0.00)","(-0.47,-0.07,970.57)"
110.4701,7,6,False,0.0,0,-,0.0,0.0,0.0,0.0,24,"(0.00,0.76,1050.64)","(0.00,0.00,0.00)","(-0.47,-0.07,970.57)"
110.536377,7,6,False,0.0,0,-,0.0,0.0,0.0,0.0,24,"(0.00,0.76,1050.64)","(0.00,0.00,0.00)","(-0.47,-0.07,970.57)"
110.607529,7,6,False,0.0,0,-,0.0,0.0,0.0,0.0,24,"(0.00,0.76,1050.64)","(0.00,0.00,0.00)","(-0.47,-0.07,970.57)"
110.673363,7,6,False,0.0,0,-,0.0,0.0,0.0,0.0,24,"(0.00,0.76,1050.64)","(0.00,0.00,0.00)","(-0.47,-0.07,970.57)"
110.739616,7,6,False,0.0,0,-,0.0,0.0,0.0,0.0,24,"(0.00,0.76,1050.64)","(0.00,0.00,0.00)","(-0.47,-0.07,970.57)"
110.81057,7,6,False,0.0,0,-,0.0,0.0,0.0,0.0,24,"(0.00,0.76,1050.64)","(0.00,0.00,0.00)","(-0.47,-0.07,970.57)"
110.8752,7,6,False,0.0,0,-,0.0,0.0,0.0,0.0,24,"(0.00,0.76,1050.64)","(0.00,0.00,0.00)","(-0.47,-0.07,970.57)"
110.942627,7,6,False,0.0,0,-,0.0,0.0,0.0,0.0,24,"(0.00,0.76,1050.64)","(0.00,0.00,0.00)","(-0.47,-0.07,970.57)"
111.007584,7,6,False,0.0,0,-,0.0,0.0,0.0,0.0,24,"(0.00,0.76,1050.64)","(0.00,0.00,0.00)","(-0.47,-0.07,970.57)"
111.074532,7,6,False,0.0,0,-,0.0,0.0,0.0,0.0,24,"(0.00,0.76,1050.64)","(0.00,0.00,0.00)","(-0.47,-0.07,970.57)"
111.138649,7,6,False,0.0,0,-,0.0,0.0,0.0,0.0,24,"(0.00,0.76,1050.64)","(0.00,0.00,0.00)","(-0.47,-0.07,970.57)"
111.202591,7,6,False,0.0,0,-,0.0,0.0,0.0,0.0,24,"(0.00,0.76,1050.64)","(0.00,0.00,0.00)","(-0.47,-0.07,970.57)"
111.26947,7,6,False,0.0,0,-,0.0,0.0,0.0,0.0,24,"(0.00,0.76,1050.64)","(0.00,0.00,0.00)","(-0.47,-0.07,970.57)"
111.336342,7,6,False,0.0,0,-,0.0,0.0,0.0,0.0,24,"(0.00,0.76,1050.64)","(0.00,0.00,0.00)","(-0.47,-0.07,970.57)"
111.40081,7,6,False,0.0,0,-,0.0,0.0,0.0,0.0,24,"(0.00,0.76,1050.64)","(0.00,0.00,0.00)","(-0.47,-0.07,970.57)"
111.467331,7,6,False,0.0,0,-,0.0,0.0,0.0,0.0,24,"(0.00,0.76,1050.64)","(0.00,0.00,0.00)","(-0.47,-0.07,970.57)"
111.5342,7,6,False,0.0,0,-,0.0,0.0,0.0,0.0,24,"(0.00,0.76,1050.64)","(0.00,0.00,0.00)","(-0.47,-0.07,970.57)"
111.60096,7,6,False,0.0,0,-,0.0,0.0,0.0,0.0,24,"(0.00,0.76,1050.64)","(0.00,0.00,0.00)","(-0.47,-0.07,970.57)"
111.668221,7,6,False,0.0,0,-,0.0,0.0,0.0,0.0,24,"(0.00,0.76,1050.64)","(0.00,0.00,0.00)","(-0.47,-0.07,970.57)"
111.734749,7,6,False,0.0,0,-,0.0,0.0,0.0,0.0,24,"(0.00,0.76,1050.64)","(0.00,0.00,0.00)","(-0.47,-0.07,970.57)"
111.8078,7,6,False,0.0,0,-,0.0,0.0,0.0,0.0,24,"(0.00,0.76,1050.64)","(0.00,0.00,0.00)","(-0.47,-0.07,970.57)"
111.87513,7,6,False,0.0,0,-,0.0,0.0,0.0,0.0,24,"(0.00,0.76,1050.64)","(0.00,0.00,0.00)","(-0.47,-0.07,970.57)"
111.940468,7,6,False,0.0,0,-,0.0,0.0,0.0,0.0,24,"(0.00,0.76,1050.64)","(0.00,0.00,0.00)","(-0.47,-0.07,970.57)"
112.007828,7,6,False,0.0,0,-,0.0,0.0,0.0,0.0,24,"(0.00,0.76,1050.64)","(0.00,0.00,0.00)","(-0.47,-0.07,970.57)"
112.071182,7,6,False,0.0,0,-,0.0,0.0,0.0,0.0,24,"(0.00,0.76,1050.64)","(0.00,0.00,0.00)","(-0.47,-0.07,970.57)"
112.137733,7,6,False,0.0,0,-,0.0,0.0,0.0,0.0,24,"(0.00,0.76,1050.64)","(0.00,0.00,0.00)","(-0.47,-0.07,970.57)"
112.208359,7,6,False,0.0,0,-,0.0,0.0,0.0,0.0,24,"(0.00,0.76,1050.64)","(0.00,0.00,0.00)","(-0.47,-0.07,970.57)"
112.273041,7,6,False,0.0,0,-,0.0,0.0,0.0,0.0,24,"(0.00,0.76,1050.64)","(0.00,0.00,0.00)","(-0.47,-0.07,970.57)"
112.341133,7,6,False,0.0,0,-,0.0,0.0,0.0,0.0,24,"(0.00,0.76,1050.64)","(0.00,0.00,0.00)","(-0.47,-0.07,970.57)"
112.412308,7,6,False,0.0,0,-,0.0,0.0,0.0,0.0,24,"(0.00,0.76,1050.64)","(0.00,0.00,0.00)","(-0.47,-0.07,970.57)"
112.4777,7,6,False,0.0,0,-,0.0,0.0,0.0,0.0,24,"(0.00,0.76,1050.64)","(0.00,0.00,0.00)","(-0.47,-0.07,970.57)"
112.545853,7,6,False,0.0,0,-,0.0,0.0,0.0,0.0,24,"(0.00,0.76,1050.64)","(0.00,0.00,0.00)","(-0.47,-0.07,970.57)"
112.618156,7,6,False,0.0,0,-,0.0,0.0,0.0,0.0,24,"(0.00,0.76,1050.64)","(0.00,0.00,0.00)","(-0.47,-0.07,970.57)"
112.687271,7,6,False,0.0,0,-,0.0,0.0,0.0,0.0,24,"(0.00,0.76,1050.64)","(0.00,0.00,0.00)","(-0.47,-0.07,970.57)"
112.758759,7,6,False,0.0,0,-,0.0,0.0,0.0,0.0,24,"(0.00,0.76,1050.64)","(0.00,0.00,0.00)","(-0.47,-0.07,970.57)"
112.826424,7,6,False,0.0,0,-,0.0,0.0,0.0,0.0,24,"(0.00,0.76,1050.64)","(0.00,0.00,0.00)","(-0.47,-0.07,970.57)"
112.898888,7,6,False,0.0,0,-,0.0,0.0,0.0,0.0,24,"(0.00,0.76,1050.64)","(0.00,0.00,0.00)","(-0.47,-0.07,970.57)"
112.964912,7,6,False,0.0,0,-,0.0,0.0,0.0,0.0,24,"(0.00,0.76,1050.64)","(0.00,0.00,0.00)","(-0.47,-0.07,970.57)"
113.031258,7,6,False,0.0,0,-,0.0,0.0,0.0,0.0,24,"(0.00,0.76,1050.64)","(0.00,0.00,0.00)","(-0.47,-0.07,970.57)"
113.098663,7,6,False,0.0,0,-,0.0,0.0,0.0,0.0,24,"(0.00,0.76,1050.64)","(0.00,0.00,0.00)","(-0.47,-0.07,970.57)"
113.158913,7,6,False,0.0,0,-,0.0,0.0,0.0,0.0,24,"(0.00,0.76,1050.64)","(0.00,0.00,0.00)","(-0.47,-0.07,970.57)"
113.229919,7,6,False,0.0,0,-,0.0,0.0,0.0,0.0,24,"(0.00,0.76,1050.64)","(0.00,0.00,0.00)","(-0.47,-0.07,970.57)"
113.29509,7,6,False,0.0,0,-,0.0,0.0,0.0,0.0,24,"(0.00,0.76,1050.64)","(0.00,0.00,0.00)","(-0.47,-0.07,970.57)"
113.362877,7,6,False,0.0,0,-,0.0,0.0,0.0,0.0,24,"(0.00,0.76,1050.64)","(0.00,0.00,0.00)","(-0.47,-0.07,970.57)"
113.434723,7,6,False,0.0,0,-,0.0,0.0,0.0,0.0,24,"(0.00,0.76,1050.64)","(0.00,0.00,0.00)","(-0.47,-0.07,970.57)"
113.500229,7,6,False,0.0,0,-,0.0,0.0,0.0,0.0,24,"(0.00,0.76,1050.64)","(0.00,0.00,0.00)","(-0.47,-0.07,970.57)"
113.567978,7,6,False,0.0,0,-,0.0,0.0,0.0,0.0,24,"(0.00,0.76,1050.64)","(0.00,0.00,0.00)","(-0.47,-0.07,970.57)"
113.641457,7,6,False,0.0,0,-,0.0,0.0,0.0,0.0,24,"(0.00,0.76,1050.64)","(0.00,0.00,0.00)","(-0.47,-0.07,970.57)"
113.71241,7,6,False,0.0,0,-,0.0,0.0,0.0,0.0,24,"(0.00,0.76,1050.64)","(0.00,0.00,0.00)","(-0.47,-0.07,970.57)"
113.7773,7,6,False,0.0,0,-,0.0,0.0,0.0,0.0,24,"(0.00,0.76,1050.64)","(0.00,0.00,0.00)","(-0.47,-0.07,970.57)"
113.852,7,6,False,0.0,0,-,0.0,0.0,0.0,0.0,24,"(0.00,0.76,1050.64)","(0.00,0.00,0.00)","(-0.47,-0.07,970.57)"
113.92083,7,6,False,0.0,0,-,0.0,0.0,0.0,0.0,24,"(0.00,0.76,1050.64)","(0.00,0.00,0.00)","(-0.47,-0.07,970.57)"
113.990692,7,6,False,0.0,0,-,0.0,0.0,0.0,0.0,24,"(0.00,0.76,1050.64)","(0.00,0.00,0.00)","(-0.47,-0.07,970.57)"
114.057968,7,6,False,0.0,0,-,0.0,0.0,0.0,0.0,24,"(0.00,0.76,1050.64)","(0.00,0.00,0.00)","(-0.47,-0.07,970.57)"
114.122833,7,6,False,0.0,0,-,0.0,0.0,0.0,0.0,24,"(0.00,0.76,1050.64)","(0.00,0.00,0.00)","(-0.47,-0.07,970.57)"
114.190437,7,6,False,0.0,0,-,0.0,0.0,0.0,0.0,24,"(0.00,0.76,1050.64)","(0.00,0.00,0.00)","(-0.47,-0.07,970.57)"
114.255928,7,6,False,0.0,0,-,0.0,0.0,0.0,0.0,24,"(0.00,0.76,1050.64)","(0.00,0.00,0.00)","(-0.47,-0.07,970.57)"
114.323677,7,6,False,0.0,0,-,0.0,0.0,0.0,0.0,24,"(0.00,0.76,1050.64)","(0.00,0.00,0.00)","(-0.47,-0.07,970.57)"
114.391968,7,6,False,0.0,0,-,0.0,0.0,0.0,0.0,24,"(0.00,0.76,1050.64)","(0.00,0.00,0.00)","(-0.47,-0.07,970.57)"
114.46032,7,6,False,0.0,0,-,0.0,0.0,0.0,0.0,24,"(0.00,0.76,1050.64)","(0.00,0.00,0.00)","(-0.47,-0.07,970.57)"
114.524887,7,6,False,0.0,0,-,0.0,0.0,0.0,0.0,24,"(0.00,0.76,1050.64)","(0.00,0.00,0.00)","(-0.47,-0.07,970.57)"
114.59124,7,6,False,0.0,0,-,0.0,0.0,0.0,0.0,24,"(0.00,0.76,1050.64)","(0.00,0.00,0.00)","(-0.47,-0.07,970.57)"
114.658859,7,6,False,0.0,0,-,0.0,0.0,0.0,0.0,24,"(0.00,0.76,1050.64)","(0.00,0.00,0.00)","(-0.47,-0.07,970.57)"
114.728821,7,6,False,0.0,0,-,0.0,0.0,0.0,0.0,24,"(0.00,0.76,1050.64)","(0.00,0.00,0.00)","(-0.47,-0.07,970.57)"
114.796509,7,6,False,0.0,0,-,0.0,0.0,0.0,0.0,24,"(0.00,0.76,1050.64)","(0.00,0.00,0.00)","(-0.47,-0.07,970.57)"
114.862007,7,6,False,0.0,0,-,0.0,0.0,0.0,0.0,24,"(0.00,0.76,1050.64)","(0.00,0.00,0.00)","(-0.47,-0.07,970.57)"
114.9294,7,6,False,0.0,0,-,0.0,0.0,0.0,0.0,24,"(0.00,0.76,1050.64)","(0.00,0.00,0.00)","(-0.47,-0.07,970.57)"
114.9942,7,6,False,0.0,0,-,0.0,0.0,0.0,0.0,24,"(0.00,0.76,1050.64)","(0.00,0.00,0.00)","(-0.47,-0.07,970.57)"
115.062531,7,6,False,0.0,0,-,0.0,0.0,0.0,0.0,24,"(0.00,0.76,1050.64)","(0.00,0.00,0.00)","(-0.47,-0.07,970.57)"
115.127632,7,6,False,0.0,0,-,0.0,0.0,0.0,0.0,24,"(0.00,0.76,1050.64)","(0.00,0.00,0.00)","(-0.47,-0.07,970.57)"
115.194519,7,6,False,0.0,0,-,0.0,0.0,0.0,0.0,24,"(0.00,0.76,1050.64)","(0.00,0.00,0.00)","(-0.47,-0.07,970.57)"
115.258148,7,6,False,0.0,0,-,0.0,0.0,0.0,0.0,24,"(0.00,0.76,1050.64)","(0.00,0.00,0.00)","(-0.47,-0.07,970.57)"
115.325867,7,6,False,0.0,0,-,0.0,0.0,0.0,0.0,24,"(0.00,0.76,1050.64)","(0.00,0.00,0.00)","(-0.47,-0.07,970.57)"
115.388641,7,6,False,0.0,0,-,0.0,0.0,0.0,0.0,24,"(0.00,0.76,1050.64)","(0.00,0.00,0.00)","(-0.47,-0.07,970.57)"
115.458839,7,6,False,0.0,0,-,0.0,0.0,0.0,0.0,24,"(0.00,0.76,1050.64)","(0.00,0.00,0.00)","(-0.47,-0.07,970.57)"
115.524971,7,6,False,0.0,0,-,0.0,0.0,0.0,0.0,24,"(0.00,0.76,1050.64)","(0.00,0.00,0.00)","(-0.47,-0.07,970.57)"
115.5852,7,6,False,0.0,0,-,0.0,0.0,0.0,0.0,24,"(0.00,0.76,1050.64)","(0.00,0.00,0.00)","(-0.47,-0.07,970.57)"
115.656036,7,6,False,0.0,0,-,0.0,0.0,0.0,0.0,24,"(0.00,0.76,1050.64)","(0.00,0.00,0.00)","(-0.47,-0.07,970.57)"
115.724571,7,6,False,0.0,0,-,0.0,0.0,0.0,0.0,24,"(0.00,0.76,1050.64)","(0.00,0.00,0.00)","(-0.47,-0.07,970.57)"
115.79071,7,6,False,0.0,0,-,0.0,0.0,0.0,0.0,24,"(0.00,0.76,1050.64)","(0.00,0.00,0.00)","(-0.47,-0.07,970.57)"
115.85495,7,6,False,0.0,0,-,0.0,0.0,0.0,0.0,24,"(0.00,0.76,1050.64)","(0.00,0.00,0.00)","(-0.47,-0.07,970.57)"
115.91964,7,6,False,0.0,0,-,0.0,0.0,0.0,0.0,24,"(0.00,0.76,1050.64)","(0.00,0.00,0.00)","(-0.47,-0.07,970.57)"
115.983124,7,6,False,0.0,0,-,0.0,0.0,0.0,0.0,24,"(0.00,0.76,1050.64)","(0.00,0.00,0.00)","(-0.47,-0.07,970.57)"
116.048576,7,6,False,0.0,0,-,0.0,0.0,0.0,0.0,24,"(0.00,0.76,1050.64)","(0.00,0.00,0.00)","(-0.47,-0.07,970.57)"
116.114357,7,6,False,0.0,0,-,0.0,0.0,0.0,0.0,24,"(0.00,0.76,1050.64)","(0.00,0.00,0.00)","(-0.47,-0.07,970.57)"
116.178642,7,6,False,0.0,0,-,0.0,0.0,0.0,0.0,24,"(0.00,0.76,1050.64)","(0.00,0.00,0.00)","(-0.47,-0.07,970.57)"
116.240753,7,6,False,0.0,0,-,0.0,0.0,0.0,0.0,24,"(0.00,0.76,1050.64)","(0.00,0.00,0.00)","(-0.47,-0.07,970.57)"
116.308769,7,6,False,0.0,0,-,0.0,0.0,0.0,0.0,24,"(0.00,0.76,1050.64)","(0.00,0.00,0.00)","(-0.47,-0.07,970.57)"
116.373032,7,6,False,0.0,0,-,0.0,0.0,0.0,0.0,24,"(0.00,0.76,1050.64)","(0.00,0.00,0.00)","(-0.47,-0.07,970.57)"
116.435509,7,6,False,0.0,0,-,0.0,0.0,0.0,0.0,24,"(0.00,0.76,1050.64)","(0.00,0.00,0.00)","(-0.47,-0.07,970.57)"
116.501747,7,6,False,0.0,0,-,0.0,0.0,0.0,0.0,24,"(0.00,0.76,1050.64)","(0.00,0.00,0.00)","(-0.47,-0.07,970.57)"
116.56916,7,6,False,0.0,0,-,0.0,0.0,0.0,0.0,24,"(0.00,0.76,1050.64)","(0.00,0.00,0.00)","(-0.47,-0.07,970.57)"
116.635292,7,6,False,0.0,0,-,0.0,0.0,0.0,0.0,24,"(0.00,0.76,1050.64)","(0.00,0.00,0.00)","(-0.47,-0.07,970.57)"
116.703018,7,6,False,0.0,0,-,0.0,0.0,0.0,0.0,24,"(0.00,0.76,1050.64)","(0.00,0.00,0.00)","(-0.47,-0.07,970.57)"
116.773361,7,6,False,0.0,0,-,0.0,0.0,0.0,0.0,24,"(0.00,0.76,1050.64)","(0.00,0.00,0.00)","(-0.47,-0.07,970.57)"
116.843811,7,6,False,0.0,0,-,0.0,0.0,0.0,0.0,24,"(0.00,0.76,1050.64)","(0.00,0.00,0.00)","(-0.47,-0.07,970.57)"
116.9073,7,6,False,0.0,0,-,0.0,0.0,0.0,0.0,24,"(0.00,0.76,1050.64)","(0.00,0.00,0.00)","(-0.47,-0.07,970.57)"
116.9753,7,6,False,0.0,0,-,0.0,0.0,0.0,0.0,24,"(0.00,0.76,1050.64)","(0.00,0.00,0.00)","(-0.47,-0.07,970.57)"
117.040779,7,6,False,0.0,0,-,0.0,0.0,0.0,0.0,24,"(0.00,0.76,1050.64)","(0.00,0.00,0.00)","(-0.47,-0.07,970.57)"
117.108543,7,6,False,0.0,0,-,0.0,0.0,0.0,0.0,24,"(0.00,0.76,1050.64)","(0.00,0.00,0.00)","(-0.47,-0.07,970.57)"
117.174408,7,6,False,0.0,0,-,0.0,0.0,0.0,0.0,24,"(0.00,0.76,1050.64)","(0.00,0.00,0.00)","(-0.47,-0.07,970.57)"
117.242,7,6,False,0.0,0,-,0.0,0.0,0.0,0.0,24,"(0.00,0.76,1050.64)","(0.00,0.00,0.00)","(-0.47,-0.07,970.57)"
117.310112,7,6,False,0.0,0,-,0.0,0.0,0.0,0.0,24,"(0.00,0.76,1050.64)","(0.00,0.00,0.00)","(-0.47,-0.07,970.57)"
117.374077,7,6,False,0.0,0,-,0.0,0.0,0.0,0.0,24,"(0.00,0.76,1050.64)","(0.00,0.00,0.00)","(-0.47,-0.07,970.57)"
117.441757,7,6,False,0.0,0,-,0.0,0.0,0.0,0.0,24,"(0.00,0.76,1050.64)","(0.00,0.00,0.00)","(-0.47,-0.07,970.57)"
117.509132,7,6,False,0.0,0,-,0.0,0.0,0.0,0.0,24,"(0.00,0.76,1050.64)","(0.00,0.00,0.00)","(-0.47,-0.07,970.57)"
117.574539,7,6,False,0.0,0,-,0.0,0.0,0.0,0.0,24,"(0.00,0.76,1050.64)","(0.00,0.00,0.00)","(-0.47,-0.07,970.57)"
117.637413,7,6,False,0.0,0,-,0.0,0.0,0.0,0.0,24,"(0.00,0.76,1050.64)","(0.00,0.00,0.00)","(-0.47,-0.07,970.57)"
117.705368,7,6,False,0.0,0,-,0.0,0.0,0.0,0.0,24,"(0.00,0.76,1050.64)","(0.00,0.00,0.00)","(-0.47,-0.07,970.57)"
117.7725,7,6,False,0.0,0,-,0.0,0.0,0.0,0.0,24,"(0.00,0.76,1050.64)","(0.00,0.00,0.00)","(-0.47,-0.07,970.57)"
117.8384,7,6,False,0.0,0,-,0.0,0.0,0.0,0.0,24,"(0.00,0.76,1050.64)","(0.00,0.00,0.00)","(-0.47,-0.07,970.57)"
117.911827,7,6,False,0.0,0,-,0.0,0.0,0.0,0.0,24,"(0.00,0.76,1050.64)","(0.00,0.00,0.00)","(-0.47,-0.07,970.57)"
117.981613,7,6,False,0.0,0,-,0.0,0.0,0.0,0.0,24,"(0.00,0.76,1050.64)","(0.00,0.00,0.00)","(-0.47,-0.07,970.57)"
118.053711,7,6,False,0.0,0,-,0.0,0.0,0.0,0.0,24,"(0.00,0.76,1050.64)","(0.00,0.00,0.00)","(-0.47,-0.07,970.57)"
118.122108,7,6,False,0.0,0,-,0.0,0.0,0.0,0.0,24,"(0.00,0.76,1050.64)","(0.00,0.00,0.00)","(-0.47,-0.07,970.57)"
118.1918,7,6,False,0.0,0,-,0.0,0.0,0.0,0.0,24,"(0.00,0.76,1050.64)","(0.00,0.00,0.00)","(-0.47,-0.07,970.57)"
118.25724,7,6,False,0.0,0,-,0.0,0.0,0.0,0.0,24,"(0.00,0.76,1050.64)","(0.00,0.00,0.00)","(-0.47,-0.07,970.57)"
118.324379,7,6,False,0.0,0,-,0.0,0.0,0.0,0.0,24,"(0.00,0.76,1050.64)","(0.00,0.00,0.00)","(-0.47,-0.07,970.57)"
118.394508,7,6,False,0.0,0,-,0.0,0.0,0.0,0.0,24,"(0.00,0.76,1050.64)","(0.00,0.00,0.00)","(-0.47,-0.07,970.57)"
118.459137,7,6,False,0.0,0,-,0.0,0.0,0.0,0.0,24,"(0.00,0.76,1050.64)","(0.00,0.00,0.00)","(-0.47,-0.07,970.57)"
118.5243,7,6,False,0.0,0,-,0.0,0.0,0.0,0.0,24,"(0.00,0.76,1050.64)","(0.00,0.00,0.00)","(-0.47,-0.07,970.57)"
118.596031,7,6,False,0.0,0,-,0.0,0.0,0.0,0.0,24,"(0.00,0.76,1050.64)","(0.00,0.00,0.00)","(-0.47,-0.07,970.57)"
118.663193,7,6,False,0.0,0,-,0.0,0.0,0.0,0.0,24,"(0.00,0.76,1050.64)","(0.00,0.00,0.00)","(-0.47,-0.07,970.57)"
118.73378,7,6,False,0.0,0,-,0.0,0.0,0.0,0.0,24,"(0.00,0.76,1050.64)","(0.00,0.00,0.00)","(-0.47,-0.07,970.57)"
118.80162,7,6,False,0.0,0,-,0.0,0.0,0.0,0.0,24,"(0.00,0.76,1050.64)","(0.00,0.00,0.00)","(-0.47,-0.07,970.57)"
118.876907,7,6,False,0.0,0,-,0.0,0.0,0.0,0.0,24,"(0.00,0.76,1050.64)","(0.00,0.00,0.00)","(-0.47,-0.07,970.57)"
118.938927,7,6,False,0.0,0,-,0.0,0.0,0.0,0.0,24,"(0.00,0.76,1050.64)","(0.00,0.00,0.00)","(-0.47,-0.07,970.57)"
119.007523,7,6,False,0.0,0,-,0.0,0.0,0.0,0.0,24,"(0.00,0.76,1050.64)","(0.00,0.00,0.00)","(-0.47,-0.07,970.57)"
119.0761,7,6,False,0.0,0,-,0.0,0.0,0.0,0.0,24,"(0.00,0.76,1050.64)","(0.00,0.00,0.00)","(-0.47,-0.07,970.57)"
119.138168,7,6,False,0.0,0,-,0.0,0.0,0.0,0.0,24,"(0.00,0.76,1050.64)","(0.00,0.00,0.00)","(-0.47,-0.07,970.57)"
119.208481,7,6,False,0.0,0,-,0.0,0.0,0.0,0.0,24,"(0.00,0.76,1050.64)","(0.00,0.00,0.00)","(-0.47,-0.07,970.57)"
119.286041,7,6,False,0.0,0,-,0.0,0.0,0.0,0.0,24,"(0.00,0.76,1050.64)","(0.00,0.00,0.00)","(-0.47,-0.07,970.57)"
119.3478,7,6,False,0.0,0,-,0.0,0.0,0.0,0.0,24,"(0.00,0.76,1050.64)","(0.00,0.00,0.00)","(-0.47,-0.07,970.57)"
119.414352,7,6,False,0.0,0,-,0.0,0.0,0.0,0.0,24,"(0.00,0.76,1050.64)","(0.00,0.00,0.00)","(-0.47,-0.07,970.57)"
119.484558,7,6,False,0.0,0,-,0.0,0.0,0.0,0.0,24,"(0.00,0.76,1050.64)","(0.00,0.00,0.00)","(-0.47,-0.07,970.57)"
119.549026,7,6,False,0.0,0,-,0.0,0.0,0.0,0.0,24,"(0.00,0.76,1050.64)","(0.00,0.00,0.00)","(-0.47,-0.07,970.57)"
119.614151,7,6,False,0.0,0,-,0.0,0.0,0.0,0.0,24,"(0.00,0.76,1050.64)","(0.00,0.00,0.00)","(-0.47,-0.07,970.57)"
119.681641,7,6,False,0.0,0,-,0.0,0.0,0.0,0.0,24,"(0.00,0.76,1050.64)","(0.00,0.00,0.00)","(-0.47,-0.07,970.57)"
119.753853,7,6,False,0.0,0,-,0.0,0.0,0.0,0.0,24,"(0.00,0.76,1050.64)","(0.00,0.00,0.00)","(-0.47,-0.07,970.57)"
119.820122,7,6,False,0.0,0,-,0.0,0.0,0.0,0.0,24,"(0.00,0.76,1050.64)","(0.00,0.00,0.00)","(-0.47,-0.07,970.57)"
119.886871,7,6,False,0.0,0,-,0.0,0.0,0.0,0.0,24,"(0.00,0.76,1050.64)","(0.00,0.00,0.00)","(-0.47,-0.07,970.57)"
119.961121,7,6,False,0.0,0,-,0.0,0.0,0.0,0.0,24,"(0.00,0.76,1050.64)","(0.00,0.00,0.00)","(-0.47,-0.07,970.57)"
120.024727,7,6,False,0.0,0,-,0.0,0.0,0.0,0.0,24,"(0.00,0.76,1050.64)","(0.00,0.00,0.00)","(-0.47,-0.07,970.57)"
120.099792,7,6,False,0.0,0,-,0.0,0.0,0.0,0.0,24,"(0.00,0.76,1050.64)","(0.00,0.00,0.00)","(-0.47,-0.07,970.57)"
120.165939,7,6,False,0.0,0,-,0.0,0.0,0.0,0.0,24,"(0.00,0.76,1050.64)","(0.00,0.00,0.00)","(-0.47,-0.07,970.57)"
120.235924,7,6,False,0.0,0,-,0.0,0.0,0.0,0.0,24,"(0.00,0.76,1050.64)","(0.00,0.00,0.00)","(-0.47,-0.07,970.57)"
120.301933,7,6,False,0.0,0,-,0.0,0.0,0.0,0.0,24,"(0.00,0.76,1050.64)","(0.00,0.00,0.00)","(-0.47,-0.07,970.57)"
120.36618,7,6,False,0.0,0,-,0.0,0.0,0.0,0.0,24,"(0.00,0.76,1050.64)","(0.00,0.00,0.00)","(-0.47,-0.07,970.57)"
120.430992,7,6,False,0.0,0,-,0.0,0.0,0.0,0.0,24,"(0.00,0.76,1050.64)","(0.00,0.00,0.00)","(-0.47,-0.07,970.57)"
120.50531,7,6,False,0.0,0,-,0.0,0.0,0.0,0.0,24,"(0.00,0.76,1050.64)","(0.00,0.00,0.00)","(-0.47,-0.07,970.57)"
120.570381,7,6,False,0.0,0,-,0.0,0.0,0.0,0.0,24,"(0.00,0.76,1050.64)","(0.00,0.00,0.00)","(-0.47,-0.07,970.57)"
120.639351,7,6,False,0.0,0,-,0.0,0.0,0.0,0.0,24,"(0.00,0.76,1050.64)","(0.00,0.00,0.00)","(-0.47,-0.07,970.57)"
120.7068,7,6,False,0.0,0,-,0.0,0.0,0.0,0.0,24,"(0.00,0.76,1050.64)","(0.00,0.00,0.00)","(-0.47,-0.07,970.57)"
120.770561,7,6,False,0.0,0,-,0.0,0.0,0.0,0.0,24,"(0.00,0.76,1050.64)","(0.00,0.00,0.00)","(-0.47,-0.07,970.57)"
120.839111,7,6,False,0.0,0,-,0.0,0.0,0.0,0.0,24,"(0.00,0.76,1050.64)","(0.00,0.00,0.00)","(-0.47,-0.07,970.57)"
120.90226,7,6,False,0.0,0,-,0.0,0.0,0.0,0.0,24,"(0.00,0.76,1050.64)","(0.00,0.00,0.00)","(-0.47,-0.07,970.57)"
120.972343,7,6,False,0.0,0,-,0.0,0.0,0.0,0.0,24,"(0.00,0.76,1050.64)","(0.00,0.00,0.00)","(-0.47,-0.07,970.57)"
121.040024,7,6,False,0.0,0,-,0.0,0.0,0.0,0.0,24,"(0.00,0.76,1050.64)","(0.00,0.00,0.00)","(-0.47,-0.07,970.57)"
121.104919,7,6,False,0.0,0,-,0.0,0.0,0.0,0.0,24,"(0.00,0.76,1050.64)","(0.00,0.00,0.00)","(-0.47,-0.07,970.57)"
121.1721,7,6,False,0.0,0,-,0.0,0.0,0.0,0.0,24,"(0.00,0.76,1050.64)","(0.00,0.00,0.00)","(-0.47,-0.07,970.57)"
121.237068,7,6,False,0.0,0,-,0.0,0.0,0.0,0.0,24,"(0.00,0.76,1050.64)","(0.00,0.00,0.00)","(-0.47,-0.07,970.57)"
121.30043,7,6,False,0.0,0,-,0.0,0.0,0.0,0.0,24,"(0.00,0.76,1050.64)","(0.00,0.00,0.00)","(-0.47,-0.07,970.57)"
121.372108,7,6,False,0.0,0,-,0.0,0.0,0.0,0.0,24,"(0.00,0.76,1050.64)","(0.00,0.00,0.00)","(-0.47,-0.07,970.57)"
121.435478,7,6,False,0.0,0,-,0.0,0.0,0.0,0.0,24,"(0.00,0.76,1050.64)","(0.00,0.00,0.00)","(-0.47,-0.07,970.57)"
121.498619,7,6,False,0.0,0,-,0.0,0.0,0.0,0.0,24,"(0.00,0.76,1050.64)","(0.00,0.00,0.00)","(-0.47,-0.07,970.57)"
121.562912,7,6,False,0.0,0,-,0.0,0.0,0.0,0.0,24,"(0.00,0.76,1050.64)","(0.00,0.00,0.00)","(-0.47,-0.07,970.57)"
121.630051,7,6,False,0.0,0,-,0.0,0.0,0.0,0.0,24,"(0.00,0.76,1050.64)","(0.00,0.00,0.00)","(-0.47,-0.07,970.57)"
121.696121,7,6,False,0.0,0,-,0.0,0.0,0.0,0.0,24,"(0.00,0.76,1050.64)","(0.00,0.00,0.00)","(-0.47,-0.07,970.57)"
121.761581,7,6,False,0.0,0,-,0.0,0.0,0.0,0.0,24,"(0.00,0.76,1050.64)","(0.00,0.00,0.00)","(-0.47,-0.07,970.57)"
121.830261,7,6,False,0.0,0,-,0.0,0.0,0.0,0.0,24,"(0.00,0.76,1050.64)","(0.00,0.00,0.00)","(-0.47,-0.07,970.57)"
121.898857,7,6,False,0.0,0,-,0.0,0.0,0.0,0.0,24,"(0.00,0.76,1050.64)","(0.00,0.00,0.00)","(-0.47,-0.07,970.57)"
121.966949,7,6,False,0.0,0,-,0.0,0.0,0.0,0.0,24,"(0.00,0.76,1050.64)","(0.00,0.00,0.00)","(-0.47,-0.07,970.57)"
122.03273,7,6,False,0.0,0,-,0.0,0.0,0.0,0.0,24,"(0.00,0.76,1050.64)","(0.00,0.00,0.00)","(-0.47,-0.07,970.57)"
122.09993,7,6,False,0.0,0,-,0.0,0.0,0.0,0.0,24,"(0.00,0.76,1050.64)","(0.00,0.00,0.00)","(-0.47,-0.07,970.57)"
122.1646,7,6,False,0.0,0,-,0.0,0.0,0.0,0.0,24,"(0.00,0.76,1050.64)","(0.00,0.00,0.00)","(-0.47,-0.07,970.57)"
122.231178,7,6,False,0.0,0,-,0.0,0.0,0.0,0.0,24,"(0.00,0.76,1050.64)","(0.00,0.00,0.00)","(-0.47,-0.07,970.57)"
122.297791,7,6,False,0.0,0,-,0.0,0.0,0.0,0.0,24,"(0.00,0.76,1050.64)","(0.00,0.00,0.00)","(-0.47,-0.07,970.57)"
122.363853,7,6,False,0.0,0,-,0.0,0.0,0.0,0.0,24,"(0.00,0.76,1050.64)","(0.00,0.00,0.00)","(-0.47,-0.07,970.57)"
122.433006,7,6,False,0.0,0,-,0.0,0.0,0.0,0.0,24,"(0.00,0.76,1050.64)","(0.00,0.00,0.00)","(-0.47,-0.07,970.57)"
122.498528,7,6,False,0.0,0,-,0.0,0.0,0.0,0.0,24,"(0.00,0.76,1050.64)","(0.00,0.00,0.00)","(-0.47,-0.07,970.57)"
122.5631,7,6,False,0.0,0,-,0.0,0.0,0.0,0.0,24,"(0.00,0.76,1050.64)","(0.00,0.00,0.00)","(-0.47,-0.07,970.57)"
122.6276,7,6,False,0.0,0,-,0.0,0.0,0.0,0.0,24,"(0.00,0.76,1050.64)","(0.00,0.00,0.00)","(-0.47,-0.07,970.57)"
122.692589,7,6,False,0.0,0,-,0.0,0.0,0.0,0.0,24,"(0.00,0.76,1050.64)","(0.00,0.00,0.00)","(-0.47,-0.07,970.57)"
122.759232,7,6,False,0.0,0,-,0.0,0.0,0.0,0.0,24,"(0.00,0.76,1050.64)","(0.00,0.00,0.00)","(-0.47,-0.07,970.57)"
122.824409,7,6,False,0.0,0,-,0.0,0.0,0.0,0.0,24,"(0.00,0.76,1050.64)","(0.00,0.00,0.00)","(-0.47,-0.07,970.57)"
122.893494,7,6,False,0.0,0,-,0.0,0.0,0.0,0.0,24,"(0.00,0.76,1050.64)","(0.00,0.00,0.00)","(-0.47,-0.07,970.57)"
122.958023,7,6,False,0.0,0,-,0.0,0.0,0.0,0.0,24,"(0.00,0.76,1050.64)","(0.00,0.00,0.00)","(-0.47,-0.07,970.57)"
123.026154,7,6,False,0.0,0,-,0.0,0.0,0.0,0.0,24,"(0.00,0.76,1050.64)","(0.00,0.00,0.00)","(-0.47,-0.07,970.57)"
123.093643,7,6,False,0.0,0,-,0.0,0.0,0.0,0.0,24,"(0.00,0.76,1050.64)","(0.00,0.00,0.00)","(-0.47,-0.07,970.57)"
123.162773,7,6,False,0.0,0,-,0.0,0.0,0.0,0.0,24,"(0.00,0.76,1050.64)","(0.00,0.00,0.00)","(-0.47,-0.07,970.57)"
123.227142,7,6,False,0.0,0,-,0.0,0.0,0.0,0.0,24,"(0.00,0.76,1050.64)","(0.00,0.00,0.00)","(-0.47,-0.07,970.57)"
123.290352,7,6,False,0.0,0,-,0.0,0.0,0.0,0.0,24,"(0.00,0.76,1050.64)","(0.00,0.00,0.00)","(-0.47,-0.07,970.57)"
123.352791,7,6,False,0.0,0,-,0.0,0.0,0.0,0.0,24,"(0.00,0.76,1050.64)","(0.00,0.00,0.00)","(-0.47,-0.07,970.57)"
123.417267,7,6,False,0.0,0,-,0.0,0.0,0.0,0.0,24,"(0.00,0.76,1050.64)","(0.00,0.00,0.00)","(-0.47,-0.07,970.57)"
123.480812,7,6,False,0.0,0,-,0.0,0.0,0.0,0.0,24,"(0.00,0.76,1050.64)","(0.00,0.00,0.00)","(-0.47,-0.07,970.57)"
123.545509,7,6,False,0.0,0,-,0.0,0.0,0.0,0.0,24,"(0.00,0.76,1050.64)","(0.00,0.00,0.00)","(-0.47,-0.07,970.57)"
123.615257,7,6,False,0.0,0,-,0.0,0.0,0.0,0.0,24,"(0.00,0.76,1050.64)","(0.00,0.00,0.00)","(-0.47,-0.07,970.57)"
123.680511,7,6,False,0.0,0,-,0.0,0.0,0.0,0.0,24,"(0.00,0.76,1050.64)","(0.00,0.00,0.00)","(-0.47,-0.07,970.57)"
123.740982,7,6,False,0.0,0,-,0.0,0.0,0.0,0.0,24,"(0.00,0.76,1050.64)","(0.00,0.00,0.00)","(-0.47,-0.07,970.57)"
123.8099,7,6,False,0.0,0,-,0.0,0.0,0.0,0.0,24,"(0.00,0.76,1050.64)","(0.00,0.00,0.00)","(-0.47,-0.07,970.57)"
123.87648,7,6,False,0.0,0,-,0.0,0.0,0.0,0.0,24,"(0.00,0.76,1050.64)","(0.00,0.00,0.00)","(-0.47,-0.07,970.57)"
123.940948,7,6,False,0.0,0,-,0.0,0.0,0.0,0.0,24,"(0.00,0.76,1050.64)","(0.00,0.00,0.00)","(-0.47,-0.07,970.57)"
124.01545,7,6,False,0.0,0,-,0.0,0.0,0.0,0.0,24,"(0.00,0.76,1050.64)","(0.00,0.00,0.00)","(-0.47,-0.07,970.57)"
124.080139,7,6,False,0.0,0,-,0.0,0.0,0.0,0.0,24,"(0.00,0.76,1050.64)","(0.00,0.00,0.00)","(-0.47,-0.07,970.57)"
124.1474,7,6,False,0.0,0,-,0.0,0.0,0.0,0.0,24,"(0.00,0.76,1050.64)","(0.00,0.00,0.00)","(-0.47,-0.07,970.57)"
124.217079,7,6,False,0.0,0,-,0.0,0.0,0.0,0.0,24,"(0.00,0.76,1050.64)","(0.00,0.00,0.00)","(-0.47,-0.07,970.57)"
124.282631,7,6,False,0.0,0,-,0.0,0.0,0.0,0.0,24,"(0.00,0.76,1050.64)","(0.00,0.00,0.00)","(-0.47,-0.07,970.57)"
124.3465,7,6,False,0.0,0,-,0.0,0.0,0.0,0.0,24,"(0.00,0.76,1050.64)","(0.00,0.00,0.00)","(-0.47,-0.07,970.57)"
124.416061,7,6,False,0.0,0,-,0.0,0.0,0.0,0.0,24,"(0.00,0.76,1050.64)","(0.00,0.00,0.00)","(-0.47,-0.07,970.57)"
124.480423,7,6,False,0.0,0,-,0.0,0.0,0.0,0.0,24,"(0.00,0.76,1050.64)","(0.00,0.00,0.00)","(-0.47,-0.07,970.57)"
124.546593,7,6,False,0.0,0,-,0.0,0.0,0.0,0.0,24,"(0.00,0.76,1050.64)","(0.00,0.00,0.00)","(-0.47,-0.07,970.57)"
124.613892,7,6,False,0.0,0,-,0.0,0.0,0.0,0.0,24,"(0.00,0.76,1050.64)","(0.00,0.00,0.00)","(-0.47,-0.07,970.57)"
124.679863,7,6,False,0.0,0,-,0.0,0.0,0.0,0.0,24,"(0.00,0.76,1050.64)","(0.00,0.00,0.00)","(-0.47,-0.07,970.57)"
124.741814,7,6,False,0.0,0,-,0.0,0.0,0.0,0.0,24,"(0.00,0.76,1050.64)","(0.00,0.00,0.00)","(-0.47,-0.07,970.57)"
124.804,7,6,False,0.0,0,-,0.0,0.0,0.0,0.0,24,"(0.00,0.76,1050.64)","(0.00,0.00,0.00)","(-0.47,-0.07,970.57)"
124.869431,7,6,False,0.0,0,-,0.0,0.0,0.0,0.0,24,"(0.00,0.76,1050.64)","(0.00,0.00,0.00)","(-0.47,-0.07,970.57)"
124.939362,7,6,False,0.0,0,-,0.0,0.0,0.0,0.0,24,"(0.00,0.76,1050.64)","(0.00,0.00,0.00)","(-0.47,-0.07,970.57)"
125.006981,7,6,False,0.0,0,-,0.0,0.0,0.0,0.0,24,"(0.00,0.76,1050.64)","(0.00,0.00,0.00)","(-0.47,-0.07,970.57)"
125.076683,7,6,False,0.0,0,-,0.0,0.0,0.0,0.0,24,"(0.00,0.76,1050.64)","(0.00,0.00,0.00)","(-0.47,-0.07,970.57)"
125.142311,7,6,False,0.0,0,-,0.0,0.0,0.0,0.0,24,"(0.00,0.76,1050.64)","(0.00,0.00,0.00)","(-0.47,-0.07,970.57)"
125.206841,7,6,False,0.0,0,-,0.0,0.0,0.0,0.0,24,"(0.00,0.76,1050.64)","(0.00,0.00,0.00)","(-0.47,-0.07,970.57)"
125.27253,7,6,False,0.0,0,-,0.0,0.0,0.0,0.0,24,"(0.00,0.76,1050.64)","(0.00,0.00,0.00)","(-0.47,-0.07,970.57)"
125.340172,7,6,False,0.0,0,-,0.0,0.0,0.0,0.0,24,"(0.00,0.76,1050.64)","(0.00,0.00,0.00)","(-0.47,-0.07,970.57)"
125.406219,7,6,False,0.0,0,-,0.0,0.0,0.0,0.0,24,"(0.00,0.76,1050.64)","(0.00,0.00,0.00)","(-0.47,-0.07,970.57)"
125.471832,7,6,False,0.0,0,-,0.0,0.0,0.0,0.0,24,"(0.00,0.76,1050.64)","(0.00,0.00,0.00)","(-0.47,-0.07,970.57)"
125.536537,7,6,False,0.0,0,-,0.0,0.0,0.0,0.0,24,"(0.00,0.76,1050.64)","(0.00,0.00,0.00)","(-0.47,-0.07,970.57)"
125.602348,7,6,False,0.0,0,-,0.0,0.0,0.0,0.0,24,"(0.00,0.76,1050.64)","(0.00,0.00,0.00)","(-0.47,-0.07,970.57)"
125.67173,7,6,False,0.0,0,-,0.0,0.0,0.0,0.0,24,"(0.00,0.76,1050.64)","(0.00,0.00,0.00)","(-0.47,-0.07,970.57)"
125.739922,7,6,False,0.0,0,-,0.0,0.0,0.0,0.0,24,"(0.00,0.76,1050.64)","(0.00,0.00,0.00)","(-0.47,-0.07,970.57)"
125.8069,7,6,False,0.0,0,-,0.0,0.0,0.0,0.0,24,"(0.00,0.76,1050.64)","(0.00,0.00,0.00)","(-0.47,-0.07,970.57)"
125.871819,7,6,False,0.0,0,-,0.0,0.0,0.0,0.0,24,"(0.00,0.76,1050.64)","(0.00,0.00,0.00)","(-0.47,-0.07,970.57)"
125.938293,7,6,False,0.0,0,-,0.0,0.0,0.0,0.0,24,"(0.00,0.76,1050.64)","(0.00,0.00,0.00)","(-0.47,-0.07,970.57)"
126.003693,7,6,False,0.0,0,-,0.0,0.0,0.0,0.0,24,"(0.00,0.76,1050.64)","(0.00,0.00,0.00)","(-0.47,-0.07,970.57)"
126.0686,7,6,False,0.0,0,-,0.0,0.0,0.0,0.0,24,"(0.00,0.76,1050.64)","(0.00,0.00,0.00)","(-0.47,-0.07,970.57)"
126.138046,7,6,False,0.0,0,-,0.0,0.0,0.0,0.0,24,"(0.00,0.76,1050.64)","(0.00,0.00,0.00)","(-0.47,-0.07,970.57)"
126.2051,7,6,False,0.0,0,-,0.0,0.0,0.0,0.0,24,"(0.00,0.76,1050.64)","(0.00,0.00,0.00)","(-0.47,-0.07,970.57)"
126.272377,7,6,False,0.0,0,-,0.0,0.0,0.0,0.0,24,"(0.00,0.76,1050.64)","(0.00,0.00,0.00)","(-0.47,-0.07,970.57)"
126.339882,7,6,False,0.0,0,-,0.0,0.0,0.0,0.0,24,"(0.00,0.76,1050.64)","(0.00,0.00,0.00)","(-0.47,-0.07,970.57)"
126.4053,7,6,False,0.0,0,-,0.0,0.0,0.0,0.0,24,"(0.00,0.76,1050.64)","(0.00,0.00,0.00)","(-0.47,-0.07,970.57)"
126.469276,7,6,False,0.0,0,-,0.0,0.0,0.0,0.0,24,"(0.00,0.76,1050.64)","(0.00,0.00,0.00)","(-0.47,-0.07,970.57)"
126.533684,7,6,False,0.0,0,-,0.0,0.0,0.0,0.0,24,"(0.00,0.76,1050.64)","(0.00,0.00,0.00)","(-0.47,-0.07,970.57)"
126.602608,7,6,False,0.0,0,-,0.0,0.0,0.0,0.0,24,"(0.00,0.76,1050.64)","(0.00,0.00,0.00)","(-0.47,-0.07,970.57)"
126.666252,7,6,False,0.0,0,-,0.0,0.0,0.0,0.0,24,"(0.00,0.76,1050.64)","(0.00,0.00,0.00)","(-0.47,-0.07,970.57)"
126.732948,7,6,False,0.0,0,-,0.0,0.0,0.0,0.0,24,"(0.00,0.76,1050.64)","(0.00,0.00,0.00)","(-0.47,-0.07,970.57)"
126.797752,7,6,False,0.0,0,-,0.0,0.0,0.0,0.0,24,"(0.00,0.76,1050.64)","(0.00,0.00,0.00)","(-0.47,-0.07,970.57)"
126.866051,7,6,False,0.0,0,-,0.0,0.0,0.0,0.0,24,"(0.00,0.76,1050.64)","(0.00,0.00,0.00)","(-0.47,-0.07,970.57)"
126.9304,7,6,False,0.0,0,-,0.0,0.0,0.0,0.0,24,"(0.00,0.76,1050.64)","(0.00,0.00,0.00)","(-0.47,-0.07,970.57)"
126.999168,7,6,False,0.0,0,-,0.0,0.0,0.0,0.0,24,"(0.00,0.76,1050.64)","(0.00,0.00,0.00)","(-0.47,-0.07,970.57)"
127.068321,7,6,False,0.0,0,-,0.0,0.0,0.0,0.0,24,"(0.00,0.76,1050.64)","(0.00,0.00,0.00)","(-0.47,-0.07,970.57)"
127.132912,7,6,False,0.0,0,-,0.0,0.0,0.0,0.0,24,"(0.00,0.76,1050.64)","(0.00,0.00,0.00)","(-0.47,-0.07,970.57)"
127.19783,7,6,False,0.0,0,-,0.0,0.0,0.0,0.0,24,"(0.00,0.76,1050.64)","(0.00,0.00,0.00)","(-0.47,-0.07,970.57)"
127.269012,7,6,False,0.0,0,-,0.0,0.0,0.0,0.0,24,"(0.00,0.76,1050.64)","(0.00,0.00,0.00)","(-0.47,-0.07,970.57)"
127.336349,7,6,False,0.0,0,-,0.0,0.0,0.0,0.0,24,"(0.00,0.76,1050.64)","(0.00,0.00,0.00)","(-0.47,-0.07,970.57)"
127.400009,7,6,False,0.0,0,-,0.0,0.0,0.0,0.0,24,"(0.00,0.76,1050.64)","(0.00,0.00,0.00)","(-0.47,-0.07,970.57)"
127.468811,7,6,False,0.0,0,-,0.0,0.0,0.0,0.0,24,"(0.00,0.76,1050.64)","(0.00,0.00,0.00)","(-0.47,-0.07,970.57)"
127.533829,7,6,False,0.0,0,-,0.0,0.0,0.0,0.0,24,"(0.00,0.76,1050.64)","(0.00,0.00,0.00)","(-0.47,-0.07,970.57)"
127.600113,7,6,False,0.0,0,-,0.0,0.0,0.0,0.0,24,"(0.00,0.76,1050.64)","(0.00,0.00,0.00)","(-0.47,-0.07,970.57)"
127.673126,7,6,False,0.0,0,-,0.0,0.0,0.0,0.0,24,"(0.00,0.76,1050.64)","(0.00,0.00,0.00)","(-0.47,-0.07,970.57)"
127.740639,7,6,False,0.0,0,-,0.0,0.0,0.0,0.0,24,"(0.00,0.76,1050.64)","(0.00,0.00,0.00)","(-0.47,-0.07,970.57)"
127.806,7,6,False,0.0,0,-,0.0,0.0,0.0,0.0,24,"(0.00,0.76,1050.64)","(0.00,0.00,0.00)","(-0.47,-0.07,970.57)"
127.877182,7,6,False,0.0,0,-,0.0,0.0,0.0,0.0,24,"(0.00,0.76,1050.64)","(0.00,0.00,0.00)","(-0.47,-0.07,970.57)"
127.938828,7,6,False,0.0,0,-,0.0,0.0,0.0,0.0,24,"(0.00,0.76,1050.64)","(0.00,0.00,0.00)","(-0.47,-0.07,970.57)"
128.002075,7,6,False,0.0,0,-,0.0,0.0,0.0,0.0,24,"(0.00,0.76,1050.64)","(0.00,0.00,0.00)","(-0.47,-0.07,970.57)"
128.068314,7,6,False,0.0,0,-,0.0,0.0,0.0,0.0,24,"(0.00,0.76,1050.64)","(0.00,0.00,0.00)","(-0.47,-0.07,970.57)"
128.136185,7,6,False,0.0,0,-,0.0,0.0,0.0,0.0,24,"(0.00,0.76,1050.64)","(0.00,0.00,0.00)","(-0.47,-0.07,970.57)"
128.205292,7,6,False,0.0,0,-,0.0,0.0,0.0,0.0,24,"(0.00,0.76,1050.64)","(0.00,0.00,0.00)","(-0.47,-0.07,970.57)"
128.270126,7,6,False,0.0,0,-,0.0,0.0,0.0,0.0,24,"(0.00,0.76,1050.64)","(0.00,0.00,0.00)","(-0.47,-0.07,970.57)"
128.336548,7,6,False,0.0,0,-,0.0,0.0,0.0,0.0,24,"(0.00,0.76,1050.64)","(0.00,0.00,0.00)","(-0.47,-0.07,970.57)"
128.403275,7,6,False,0.0,0,-,0.0,0.0,0.0,0.0,24,"(0.00,0.76,1050.64)","(0.00,0.00,0.00)","(-0.47,-0.07,970.57)"
128.4681,7,6,False,0.0,0,-,0.0,0.0,0.0,0.0,24,"(0.00,0.76,1050.64)","(0.00,0.00,0.00)","(-0.47,-0.07,970.57)"
128.535965,7,6,False,0.0,0,-,0.0,0.0,0.0,0.0,24,"(0.00,0.76,1050.64)","(0.00,0.00,0.00)","(-0.47,-0.07,970.57)"
128.600327,7,6,False,0.0,0,-,0.0,0.0,0.0,0.0,24,"(0.00,0.76,1050.64)","(0.00,0.00,0.00)","(-0.47,-0.07,970.57)"
128.663986,7,6,False,0.0,0,-,0.0,0.0,0.0,0.0,24,"(0.00,0.76,1050.64)","(0.00,0.00,0.00)","(-0.47,-0.07,970.57)"
128.73053,7,6,False,0.0,0,-,0.0,0.0,0.0,0.0,24,"(0.00,0.76,1050.64)","(0.00,0.00,0.00)","(-0.47,-0.07,970.57)"
128.797256,7,6,False,0.0,0,-,0.0,0.0,0.0,0.0,24,"(0.00,0.76,1050.64)","(0.00,0.00,0.00)","(-0.47,-0.07,970.57)"
128.867462,7,6,False,0.0,0,-,0.0,0.0,0.0,0.0,24,"(0.00,0.76,1050.64)","(0.00,0.00,0.00)","(-0.47,-0.07,970.57)"
128.935837,7,6,False,0.0,0,-,0.0,0.0,0.0,0.0,24,"(0.00,0.76,1050.64)","(0.00,0.00,0.00)","(-0.47,-0.07,970.57)"
129.000153,7,6,False,0.0,0,-,0.0,0.0,0.0,0.0,24,"(0.00,0.76,1050.64)","(0.00,0.00,0.00)","(-0.47,-0.07,970.57)"
129.070068,7,6,False,0.0,0,-,0.0,0.0,0.0,0.0,24,"(0.00,0.76,1050.64)","(0.00,0.00,0.00)","(-0.47,-0.07,970.57)"
129.138824,7,6,False,0.0,0,-,0.0,0.0,0.0,0.0,24,"(0.00,0.76,1050.64)","(0.00,0.00,0.00)","(-0.47,-0.07,970.57)"
129.198746,7,6,False,0.0,0,-,0.0,0.0,0.0,0.0,24,"(0.00,0.76,1050.64)","(0.00,0.00,0.00)","(-0.47,-0.07,970.57)"
129.263153,7,6,False,0.0,0,-,0.0,0.0,0.0,0.0,24,"(0.00,0.76,1050.64)","(0.00,0.00,0.00)","(-0.47,-0.07,970.57)"
129.327957,7,6,False,0.0,0,-,0.0,0.0,0.0,0.0,24,"(0.00,0.76,1050.64)","(0.00,0.00,0.00)","(-0.47,-0.07,970.57)"
129.397934,7,6,False,0.0,0,-,0.0,0.0,0.0,0.0,24,"(0.00,0.76,1050.64)","(0.00,0.00,0.00)","(-0.47,-0.07,970.57)"
129.458572,7,6,False,0.0,0,-,0.0,0.0,0.0,0.0,24,"(0.00,0.76,1050.64)","(0.00,0.00,0.00)","(-0.47,-0.07,970.57)"
129.520813,7,6,False,0.0,0,-,0.0,0.0,0.0,0.0,24,"(0.00,0.76,1050.64)","(0.00,0.00,0.00)","(-0.47,-0.07,970.57)"
129.585327,7,6,False,0.0,0,-,0.0,0.0,0.0,0.0,24,"(0.00,0.76,1050.64)","(0.00,0.00,0.00)","(-0.47,-0.07,970.57)"
129.655731,7,6,False,0.0,0,-,0.0,0.0,0.0,0.0,24,"(0.00,0.76,1050.64)","(0.00,0.00,0.00)","(-0.47,-0.07,970.57)"
129.7212,7,6,False,0.0,0,-,0.0,0.0,0.0,0.0,24,"(0.00,0.76,1050.64)","(0.00,0.00,0.00)","(-0.47,-0.07,970.57)"
129.791946,7,6,False,0.0,0,-,0.0,0.0,0.0,0.0,24,"(0.00,0.76,1050.64)","(0.00,0.00,0.00)","(-0.47,-0.07,970.57)"
129.856857,7,6,False,0.0,0,-,0.0,0.0,0.0,0.0,24,"(0.00,0.76,1050.64)","(0.00,0.00,0.00)","(-0.47,-0.07,970.57)"
129.9202,7,6,False,0.0,0,-,0.0,0.0,0.0,0.0,24,"(0.00,0.76,1050.64)","(0.00,0.00,0.00)","(-0.47,-0.07,970.57)"
129.9902,7,6,False,0.0,0,-,0.0,0.0,0.0,0.0,24,"(0.00,0.76,1050.64)","(0.00,0.00,0.00)","(-0.47,-0.07,970.57)"
130.062775,7,6,False,0.0,0,-,0.0,0.0,0.0,0.0,24,"(0.00,0.76,1050.64)","(0.00,0.00,0.00)","(-0.47,-0.07,970.57)"
130.136627,7,6,False,0.0,0,-,0.0,0.0,0.0,0.0,24,"(0.00,0.76,1050.64)","(0.00,0.00,0.00)","(-0.47,-0.07,970.57)"
130.205185,7,6,False,0.0,0,-,0.0,0.0,0.0,0.0,24,"(0.00,0.76,1050.64)","(0.00,0.00,0.00)","(-0.47,-0.07,970.57)"
130.272354,7,6,False,0.0,0,-,0.0,0.0,0.0,0.0,24,"(0.00,0.76,1050.64)","(0.00,0.00,0.00)","(-0.47,-0.07,970.57)"
130.3375,7,6,False,0.0,0,-,0.0,0.0,0.0,0.0,24,"(0.00,0.76,1050.64)","(0.00,0.00,0.00)","(-0.47,-0.07,970.57)"
130.406769,7,6,False,0.0,0,-,0.0,0.0,0.0,0.0,24,"(0.00,0.76,1050.64)","(0.00,0.00,0.00)","(-0.47,-0.07,970.57)"
130.4709,7,6,False,0.0,0,-,0.0,0.0,0.0,0.0,24,"(0.00,0.76,1050.64)","(0.00,0.00,0.00)","(-0.47,-0.07,970.57)"
130.536118,7,6,False,0.0,0,-,0.0,0.0,0.0,0.0,24,"(0.00,0.76,1050.64)","(0.00,0.00,0.00)","(-0.47,-0.07,970.57)"
130.606766,7,6,False,0.0,0,-,0.0,0.0,0.0,0.0,24,"(0.00,0.76,1050.64)","(0.00,0.00,0.00)","(-0.47,-0.07,970.57)"
130.6712,7,6,False,0.0,0,-,0.0,0.0,0.0,0.0,24,"(0.00,0.76,1050.64)","(0.00,0.00,0.00)","(-0.47,-0.07,970.57)"
130.737656,7,6,False,0.0,0,-,0.0,0.0,0.0,0.0,24,"(0.00,0.76,1050.64)","(0.00,0.00,0.00)","(-0.47,-0.07,970.57)"
130.807755,7,6,False,0.0,0,-,0.0,0.0,0.0,0.0,24,"(0.00,0.76,1050.64)","(0.00,0.00,0.00)","(-0.47,-0.07,970.57)"
130.870529,7,6,False,0.0,0,-,0.0,0.0,0.0,0.0,24,"(0.00,0.76,1050.64)","(0.00,0.00,0.00)","(-0.47,-0.07,970.57)"
130.9393,7,6,False,0.0,0,-,0.0,0.0,0.0,0.0,24,"(0.00,0.76,1050.64)","(0.00,0.00,0.00)","(-0.47,-0.07,970.57)"
131.004044,7,6,False,0.0,0,-,0.0,0.0,0.0,0.0,24,"(0.00,0.76,1050.64)","(0.00,0.00,0.00)","(-0.47,-0.07,970.57)"
131.073776,7,6,False,0.0,0,-,0.0,0.0,0.0,0.0,24,"(0.00,0.76,1050.64)","(0.00,0.00,0.00)","(-0.47,-0.07,970.57)"
131.140579,7,6,False,0.0,0,-,0.0,0.0,0.0,0.0,24,"(0.00,0.76,1050.64)","(0.00,0.00,0.00)","(-0.47,-0.07,970.57)"
131.204575,7,6,False,0.0,0,-,0.0,0.0,0.0,0.0,24,"(0.00,0.76,1050.64)","(0.00,0.00,0.00)","(-0.47,-0.07,970.57)"
131.268646,7,6,False,0.0,0,-,0.0,0.0,0.0,0.0,24,"(0.00,0.76,1050.64)","(0.00,0.00,0.00)","(-0.47,-0.07,970.57)"
131.33577,7,6,False,0.0,0,-,0.0,0.0,0.0,0.0,24,"(0.00,0.76,1050.64)","(0.00,0.00,0.00)","(-0.47,-0.07,970.57)"
131.403183,7,6,False,0.0,0,-,0.0,0.0,0.0,0.0,24,"(0.00,0.76,1050.64)","(0.00,0.00,0.00)","(-0.47,-0.07,970.57)"
131.471848,7,6,False,0.0,0,-,0.0,0.0,0.0,0.0,24,"(0.00,0.76,1050.64)","(0.00,0.00,0.00)","(-0.47,-0.07,970.57)"
131.5406,7,6,False,0.0,0,-,0.0,0.0,0.0,0.0,24,"(0.00,0.76,1050.64)","(0.00,0.00,0.00)","(-0.47,-0.07,970.57)"
131.604263,7,6,False,0.0,0,-,0.0,0.0,0.0,0.0,24,"(0.00,0.76,1050.64)","(0.00,0.00,0.00)","(-0.47,-0.07,970.57)"
131.6692,7,6,False,0.0,0,-,0.0,0.0,0.0,0.0,24,"(0.00,0.76,1050.64)","(0.00,0.00,0.00)","(-0.47,-0.07,970.57)"
131.739883,7,6,False,0.0,0,-,0.0,0.0,0.0,0.0,24,"(0.00,0.76,1050.64)","(0.00,0.00,0.00)","(-0.47,-0.07,970.57)"
131.804977,7,6,False,0.0,0,-,0.0,0.0,0.0,0.0,24,"(0.00,0.76,1050.64)","(0.00,0.00,0.00)","(-0.47,-0.07,970.57)"
131.866119,7,6,False,0.0,0,-,0.0,0.0,0.0,0.0,24,"(0.00,0.76,1050.64)","(0.00,0.00,0.00)","(-0.47,-0.07,970.57)"
131.934,7,6,False,0.0,0,-,0.0,0.0,0.0,0.0,24,"(0.00,0.76,1050.64)","(0.00,0.00,0.00)","(-0.47,-0.07,970.57)"
132.000061,7,6,False,0.0,0,-,0.0,0.0,0.0,0.0,24,"(0.00,0.76,1050.64)","(0.00,0.00,0.00)","(-0.47,-0.07,970.57)"
132.06723,7,6,False,0.0,0,-,0.0,0.0,0.0,0.0,24,"(0.00,0.76,1050.64)","(0.00,0.00,0.00)","(-0.47,-0.07,970.57)"
132.13269,7,6,False,0.0,0,-,0.0,0.0,0.0,0.0,24,"(0.00,0.76,1050.64)","(0.00,0.00,0.00)","(-0.47,-0.07,970.57)"
132.199448,7,6,False,0.0,0,-,0.0,0.0,0.0,0.0,24,"(0.00,0.76,1050.64)","(0.00,0.00,0.00)","(-0.47,-0.07,970.57)"
132.268234,7,6,False,0.0,0,-,0.0,0.0,0.0,0.0,24,"(0.00,0.76,1050.64)","(0.00,0.00,0.00)","(-0.47,-0.07,970.57)"
132.333527,7,6,False,0.0,0,-,0.0,0.0,0.0,0.0,24,"(0.00,0.76,1050.64)","(0.00,0.00,0.00)","(-0.47,-0.07,970.57)"
132.399155,7,6,False,0.0,0,-,0.0,0.0,0.0,0.0,24,"(0.00,0.76,1050.64)","(0.00,0.00,0.00)","(-0.47,-0.07,970.57)"
132.471146,7,6,False,0.0,0,-,0.0,0.0,0.0,0.0,24,"(0.00,0.76,1050.64)","(0.00,0.00,0.00)","(-0.47,-0.07,970.57)"
132.561768,7,6,False,0.0,0,-,0.0,0.0,0.0,0.0,24,"(0.00,0.76,1050.64)","(0.00,0.00,0.00)","(-0.47,-0.07,970.57)"
132.628418,7,6,False,0.0,0,-,0.0,0.0,0.0,0.0,24,"(0.00,0.76,1050.64)","(0.00,0.00,0.00)","(-0.47,-0.07,970.57)"
132.702911,7,6,False,0.0,0,-,0.0,0.0,0.0,0.0,24,"(0.00,0.76,1050.64)","(0.00,0.00,0.00)","(-0.47,-0.07,970.57)"
132.77092,7,6,False,0.0,0,-,0.0,0.0,0.0,0.0,24,"(0.00,0.76,1050.64)","(0.00,0.00,0.00)","(-0.47,-0.07,970.57)"
132.840652,7,6,False,0.0,0,-,0.0,0.0,0.0,0.0,24,"(0.00,0.76,1050.64)","(0.00,0.00,0.00)","(-0.47,-0.07,970.57)"
132.9063,7,6,False,0.0,0,-,0.0,0.0,0.0,0.0,24,"(0.00,0.76,1050.64)","(0.00,0.00,0.00)","(-0.47,-0.07,970.57)"
132.9914,7,6,False,0.0,0,-,0.0,0.0,0.0,0.0,24,"(0.00,0.76,1050.64)","(0.00,0.00,0.00)","(-0.47,-0.07,970.57)"
133.056732,7,6,False,0.0,0,-,0.0,0.0,0.0,0.0,24,"(0.00,0.76,1050.64)","(0.00,0.00,0.00)","(-0.47,-0.07,970.57)"
133.119644,7,6,False,0.0,0,-,0.0,0.0,0.0,0.0,24,"(0.00,0.76,1050.64)","(0.00,0.00,0.00)","(-0.47,-0.07,970.57)"
133.185837,7,6,False,0.0,0,-,0.0,0.0,0.0,0.0,24,"(0.00,0.76,1050.64)","(0.00,0.00,0.00)","(-0.47,-0.07,970.57)"
133.255249,7,6,False,0.0,0,-,0.0,0.0,0.0,0.0,24,"(0.00,0.76,1050.64)","(0.00,0.00,0.00)","(-0.47,-0.07,970.57)"
133.327362,7,6,False,0.0,0,-,0.0,0.0,0.0,0.0,24,"(0.00,0.76,1050.64)","(0.00,0.00,0.00)","(-0.47,-0.07,970.57)"
133.400513,7,6,False,0.0,0,-,0.0,0.0,0.0,0.0,24,"(0.00,0.76,1050.64)","(0.00,0.00,0.00)","(-0.47,-0.07,970.57)"
133.467133,7,6,False,0.0,0,-,0.0,0.0,0.0,0.0,24,"(0.00,0.76,1050.64)","(0.00,0.00,0.00)","(-0.47,-0.07,970.57)"
133.531387,7,6,False,0.0,0,-,0.0,0.0,0.0,0.0,24,"(0.00,0.76,1050.64)","(0.00,0.00,0.00)","(-0.47,-0.07,970.57)"
133.59639,7,6,False,0.0,0,-,0.0,0.0,0.0,0.0,24,"(0.00,0.76,1050.64)","(0.00,0.00,0.00)","(-0.47,-0.07,970.57)"
133.666367,7,6,False,0.0,0,-,0.0,0.0,0.0,0.0,24,"(0.00,0.76,1050.64)","(0.00,0.00,0.00)","(-0.47,-0.07,970.57)"
133.732956,7,6,False,0.0,0,-,0.0,0.0,0.0,0.0,24,"(0.00,0.76,1050.64)","(0.00,0.00,0.00)","(-0.47,-0.07,970.57)"
133.801147,7,6,False,0.0,0,-,0.0,0.0,0.0,0.0,24,"(0.00,0.76,1050.64)","(0.00,0.00,0.00)","(-0.47,-0.07,970.57)"
133.870667,7,6,False,0.0,0,-,0.0,0.0,0.0,0.0,24,"(0.00,0.76,1050.64)","(0.00,0.00,0.00)","(-0.47,-0.07,970.57)"
133.936615,7,6,False,0.0,0,-,0.0,0.0,0.0,0.0,24,"(0.00,0.76,1050.64)","(0.00,0.00,0.00)","(-0.47,-0.07,970.57)"
134.007645,7,6,False,0.0,0,-,0.0,0.0,0.0,0.0,24,"(0.00,0.76,1050.64)","(0.00,0.00,0.00)","(-0.47,-0.07,970.57)"
134.07048,7,6,False,0.0,0,-,0.0,0.0,0.0,0.0,24,"(0.00,0.76,1050.64)","(0.00,0.00,0.00)","(-0.47,-0.07,970.57)"
134.139084,7,6,False,0.0,0,-,0.0,0.0,0.0,0.0,24,"(0.00,0.76,1050.64)","(0.00,0.00,0.00)","(-0.47,-0.07,970.57)"
134.2057,7,6,False,0.0,0,-,0.0,0.0,0.0,0.0,24,"(0.00,0.76,1050.64)","(0.00,0.00,0.00)","(-0.47,-0.07,970.57)"
134.268372,7,6,False,0.0,0,-,0.0,0.0,0.0,0.0,24,"(0.00,0.76,1050.64)","(0.00,0.00,0.00)","(-0.47,-0.07,970.57)"
134.339523,7,6,False,0.0,0,-,0.0,0.0,0.0,0.0,24,"(0.00,0.76,1050.64)","(0.00,0.00,0.00)","(-0.47,-0.07,970.57)"
134.409256,7,6,False,0.0,0,-,0.0,0.0,0.0,0.0,24,"(0.00,0.76,1050.64)","(0.00,0.00,0.00)","(-0.47,-0.07,970.57)"
134.473633,7,6,False,0.0,0,-,0.0,0.0,0.0,0.0,24,"(0.00,0.76,1050.64)","(0.00,0.00,0.00)","(-0.47,-0.07,970.57)"
134.544357,7,6,False,0.0,0,-,0.0,0.0,0.0,0.0,24,"(0.00,0.76,1050.64)","(0.00,0.00,0.00)","(-0.47,-0.07,970.57)"
134.610764,7,6,False,0.0,0,-,0.0,0.0,0.0,0.0,24,"(0.00,0.76,1050.64)","(0.00,0.00,0.00)","(-0.47,-0.07,970.57)"
134.678833,7,6,False,0.0,0,-,0.0,0.0,0.0,0.0,24,"(0.00,0.76,1050.64)","(0.00,0.00,0.00)","(-0.47,-0.07,970.57)"
134.745056,7,6,False,0.0,0,-,0.0,0.0,0.0,0.0,24,"(0.00,0.76,1050.64)","(0.00,0.00,0.00)","(-0.47,-0.07,970.57)"
